Smileys & Emotion	face-smiling	😀	1.0	0	grinning face	cheerful cheery grin happy laugh nice smile smiling teeth
Smileys & Emotion	face-smiling	😃	0.6	0	grinning face with big eyes	awesome grin happy mouth open smile smiling teeth yay
Smileys & Emotion	face-smiling	😄	0.6	0	grinning face with smiling eyes	eye grin happy laugh lol mouth open smile
Smileys & Emotion	face-smiling	😁	0.6	0	beaming face with smiling eyes	eye grin grinning happy nice smile teeth
Smileys & Emotion	face-smiling	😆	0.6	0	grinning squinting face	closed eyes haha hahaha happy laugh lol mouth open rofl smile smiling
Smileys & Emotion	face-smiling	😅	0.6	0	grinning face with sweat	cold dejected excited mouth nervous open smile smiling stress stressed
Smileys & Emotion	face-smiling	🤣	3.0	0	rolling on the floor laughing	crying face funny haha happy hehe hilarious joy laugh lmao lol rofl roflmao tear
Smileys & Emotion	face-smiling	😂	0.6	0	face with tears of joy	crying feels funny haha happy hehe hilarious laugh lmao lol rofl roflmao tear
Smileys & Emotion	face-smiling	🙂	1.0	0	slightly smiling face	happy smile
Smileys & Emotion	face-smiling	🙃	1.0	0	upside-down face	hehe smile
Smileys & Emotion	face-smiling	🫠	14.0	0	melting face	disappear dissolve embarrassed haha heat hot liquid lol melt sarcasm sarcastic
Smileys & Emotion	face-smiling	🫫	18.0	0	cracking face	
Smileys & Emotion	face-smiling	😉	0.6	0	winking face	flirt heartbreaker sexy slide tease wink winks
Smileys & Emotion	face-smiling	😊	0.6	0	smiling face with smiling eyes	blush eye glad satisfied smile
Smileys & Emotion	face-smiling	😇	1.0	0	smiling face with halo	angel angelic angels blessed fairy fairytale fantasy happy innocent peaceful smile spirit tale
Smileys & Emotion	face-affection	🥰	11.0	0	smiling face with hearts	3 adore crush heart ily love romance smile you
Smileys & Emotion	face-affection	😍	0.6	0	smiling face with heart-eyes	143 bae eye feels hearts ily kisses love romance romantic smile xoxo
Smileys & Emotion	face-affection	🤩	5.0	0	star-struck	excited eyes face grinning smile star starry-eyed wow
Smileys & Emotion	face-affection	😘	0.6	0	face blowing a kiss	adorbs bae flirt heart ily love lover miss muah romantic smooch xoxo you
Smileys & Emotion	face-affection	😗	1.0	0	kissing face	143 date dating flirt ily kiss love smooch smooches xoxo you
Smileys & Emotion	face-affection	☺️	0.6	0	smiling face	happy outlined relaxed smile
Smileys & Emotion	face-affection	😚	0.6	0	kissing face with closed eyes	143 bae blush date dating eye flirt ily kisses smooches xoxo
Smileys & Emotion	face-affection	😙	1.0	0	kissing face with smiling eyes	143 closed date dating eye flirt ily kiss kisses love night smile
Smileys & Emotion	face-affection	🥲	13.0	0	smiling face with tear	glad grateful happy joy pain proud relieved smile smiley touched
Smileys & Emotion	face-tongue	😋	0.6	0	face savoring food	delicious eat full hungry savor smile smiling tasty um yum yummy
Smileys & Emotion	face-tongue	😛	1.0	0	face with tongue	awesome cool nice party stuck-out sweet
Smileys & Emotion	face-tongue	😜	0.6	0	winking face with tongue	crazy epic eye funny joke loopy nutty party stuck-out wacky weirdo wink yolo
Smileys & Emotion	face-tongue	🤪	5.0	0	zany face	crazy eye eyes goofy large small
Smileys & Emotion	face-tongue	😝	0.6	0	squinting face with tongue	closed eye eyes gross horrible omg stuck-out taste whatever yolo
Smileys & Emotion	face-tongue	🤑	1.0	0	money-mouth face	money mouth paid
Smileys & Emotion	face-hand	🤗	1.0	0	smiling face with open hands	hug hugging
Smileys & Emotion	face-hand	🤭	5.0	0	face with hand over mouth	giggle giggling oops realization secret shock sudden surprise whoops
Smileys & Emotion	face-hand	🫢	14.0	0	face with open eyes and hand over mouth	amazement awe disbelief embarrass gasp omg quiet scared shock surprise
Smileys & Emotion	face-hand	🫣	14.0	0	face with peeking eye	captivated embarrass hide hiding peek peep scared shy stare
Smileys & Emotion	face-hand	🤫	5.0	0	shushing face	quiet shh shush
Smileys & Emotion	face-hand	🤔	1.0	0	thinking face	chin consider hmm ponder pondering wondering
Smileys & Emotion	face-hand	🫡	14.0	0	saluting face	good luck ma’am OK respect salute sir troops yes
Smileys & Emotion	face-neutral-skeptical	🤐	1.0	0	zipper-mouth face	keep mouth quiet secret shut zip zipper
Smileys & Emotion	face-neutral-skeptical	🤨	5.0	0	face with raised eyebrow	disapproval disbelief distrust emoji hmm mild skeptic skeptical skepticism surprise what
Smileys & Emotion	face-neutral-skeptical	😐	0.7	0	neutral face	awkward blank deadpan expressionless fine jealous meh oh shade straight unamused unhappy unimpressed whatever
Smileys & Emotion	face-neutral-skeptical	😑	1.0	0	expressionless face	awkward dead fine inexpressive jealous meh not oh omg straight uh unhappy unimpressed whatever
Smileys & Emotion	face-neutral-skeptical	😶	1.0	0	face without mouth	awkward blank expressionless mouthless mute quiet secret silence silent speechless
Smileys & Emotion	face-neutral-skeptical	🫥	14.0	0	dotted line face	depressed disappear hidden hide introvert invisible meh whatever wtv
Smileys & Emotion	face-neutral-skeptical	😶‍🌫️	13.1	0	face in clouds	absentminded fog head
Smileys & Emotion	face-neutral-skeptical	😏	0.6	0	smirking face	boss dapper flirt homie kidding leer shade slick sly smirk smug snicker suave suspicious swag
Smileys & Emotion	face-neutral-skeptical	😒	0.6	0	unamused face	... bored fine jealous jel jelly pissed smh ugh uhh unhappy weird whatever
Smileys & Emotion	face-neutral-skeptical	🙄	1.0	0	face with rolling eyes	eyeroll shade ugh whatever
Smileys & Emotion	face-neutral-skeptical	😬	1.0	0	grimacing face	awk awkward dentist grimace grinning smile smiling
Smileys & Emotion	face-neutral-skeptical	😮‍💨	13.1	0	face exhaling	blow blowing exhale exhausted gasp groan relief sigh smiley smoke whisper whistle
Smileys & Emotion	face-neutral-skeptical	🤥	3.0	0	lying face	liar lie pinocchio
Smileys & Emotion	face-neutral-skeptical	🫨	15.0	0	shaking face	crazy daze earthquake omg panic shock surprise vibrate whoa wow
Smileys & Emotion	face-neutral-skeptical	🙂‍↔️	15.1	0	head shaking horizontally	no shake
Smileys & Emotion	face-neutral-skeptical	🙂‍↕️	15.1	0	head shaking vertically	nod yes
Smileys & Emotion	face-sleepy	😌	0.6	0	relieved face	calm peace relief zen
Smileys & Emotion	face-sleepy	😔	0.6	0	pensive face	awful bored dejected died disappointed losing lost sad sucks
Smileys & Emotion	face-sleepy	😪	0.6	0	sleepy face	crying good night sad sleep sleeping tired
Smileys & Emotion	face-sleepy	🤤	3.0	0	drooling face	
Smileys & Emotion	face-sleepy	😴	1.0	0	sleeping face	bed bedtime good goodnight nap night sleep tired whatever yawn zzz
Smileys & Emotion	face-sleepy	🫩	16.0	0	face with bags under eyes	bored exhausted fatigued late sleepy tired weary
Smileys & Emotion	face-unwell	😷	0.6	0	face with medical mask	cold dentist dermatologist doctor dr germs medicine sick
Smileys & Emotion	face-unwell	🤒	1.0	0	face with thermometer	ill sick
Smileys & Emotion	face-unwell	🤕	1.0	0	face with head-bandage	bandage hurt injury ouch
Smileys & Emotion	face-unwell	🤢	3.0	0	nauseated face	gross nasty sick vomit
Smileys & Emotion	face-unwell	🤮	5.0	0	face vomiting	barf ew gross puke sick spew throw up vomit
Smileys & Emotion	face-unwell	🤧	3.0	0	sneezing face	fever flu gesundheit sick sneeze
Smileys & Emotion	face-unwell	🥵	11.0	0	hot face	dying feverish heat panting red-faced stroke sweating tongue
Smileys & Emotion	face-unwell	🥶	11.0	0	cold face	blue blue-faced freezing frostbite icicles subzero teeth
Smileys & Emotion	face-unwell	🥴	11.0	0	woozy face	dizzy drunk eyes intoxicated mouth tipsy uneven wavy
Smileys & Emotion	face-unwell	😵	0.6	0	face with crossed-out eyes	dead dizzy feels knocked out sick tired
Smileys & Emotion	face-unwell	😵‍💫	13.1	0	face with spiral eyes	confused dizzy hypnotized omg smiley trouble whoa woah woozy
Smileys & Emotion	face-unwell	🤯	5.0	0	exploding head	blown explode mind mindblown no shocked way
Smileys & Emotion	face-hat	🤠	3.0	0	cowboy hat face	cowgirl
Smileys & Emotion	face-hat	🥳	11.0	0	partying face	bday birthday celebrate celebration excited happy hat hooray horn party
Smileys & Emotion	face-hat	🥸	13.0	0	disguised face	disguise eyebrow glasses incognito moustache mustache nose person spy tache tash
Smileys & Emotion	face-glasses	😎	1.0	0	smiling face with sunglasses	awesome beach bright bro chilling cool rad relaxed shades slay smile style swag win
Smileys & Emotion	face-glasses	🤓	1.0	0	nerd face	brainy clever expert geek gifted glasses intelligent smart
Smileys & Emotion	face-glasses	🧐	5.0	0	face with monocle	classy fancy rich stuffy wealthy
Smileys & Emotion	face-concerned	😕	1.0	0	confused face	befuddled confusing dunno frown hm meh not sad sorry sure
Smileys & Emotion	face-concerned	🫤	14.0	0	face with diagonal mouth	confused confusion disappointed doubt doubtful frustrated frustration meh skeptical unsure whatever wtv
Smileys & Emotion	face-concerned	😟	1.0	0	worried face	anxious butterflies nerves nervous sad stress stressed surprised worry
Smileys & Emotion	face-concerned	🙁	1.0	0	slightly frowning face	frown sad
Smileys & Emotion	face-concerned	☹️	0.7	0	frowning face	frown sad
Smileys & Emotion	face-concerned	😮	1.0	0	face with open mouth	believe forgot omg shocked surprised sympathy unbelievable unreal whoa wow you
Smileys & Emotion	face-concerned	😯	1.0	0	hushed face	epic omg stunned surprised whoa woah
Smileys & Emotion	face-concerned	😲	0.6	0	astonished face	cost no omg shocked totally way
Smileys & Emotion	face-concerned	😳	0.6	0	flushed face	amazed awkward crazy dazed dead disbelief embarrassed geez heat hot impressed jeez what wow
Smileys & Emotion	face-concerned	🫪	17.0	0	distorted face	anxiety bloated panic shocked surprised vulnerable
Smileys & Emotion	face-concerned	🥺	11.0	0	pleading face	begging big eyes mercy not please pretty puppy sad why
Smileys & Emotion	face-concerned	🥹	14.0	0	face holding back tears	admiration aww cry embarrassed feelings grateful gratitude joy please proud resist sad
Smileys & Emotion	face-concerned	😦	1.0	0	frowning face with open mouth	caught frown guard scared scary surprise what wow
Smileys & Emotion	face-concerned	😧	1.0	0	anguished face	forgot scared scary stressed surprise unhappy what wow
Smileys & Emotion	face-concerned	😨	0.6	0	fearful face	afraid anxious blame fear scared worried
Smileys & Emotion	face-concerned	😰	0.6	0	anxious face with sweat	blue cold eek mouth nervous open rushed scared yikes
Smileys & Emotion	face-concerned	😥	0.6	0	sad but relieved face	anxious call close complicated disappointed not sweat time whew
Smileys & Emotion	face-concerned	😢	0.6	0	crying face	awful cry feels miss sad tear triste unhappy
Smileys & Emotion	face-concerned	😭	0.6	0	loudly crying face	bawling cry sad sob tear tears unhappy
Smileys & Emotion	face-concerned	😱	0.6	0	face screaming in fear	epic fearful munch scared scream screamer shocked surprised woah
Smileys & Emotion	face-concerned	😖	0.6	0	confounded face	annoyed confused cringe distraught feels frustrated mad sad
Smileys & Emotion	face-concerned	😣	0.6	0	persevering face	concentrate concentration focus headache persevere
Smileys & Emotion	face-concerned	😞	0.6	0	disappointed face	awful blame dejected fail losing sad unhappy
Smileys & Emotion	face-concerned	😓	0.6	0	downcast face with sweat	close cold feels headache nervous sad scared yikes
Smileys & Emotion	face-concerned	😩	0.6	0	weary face	crying fail feels hungry mad nooo sad sleepy tired unhappy
Smileys & Emotion	face-concerned	😫	0.6	0	tired face	cost feels nap sad sneeze
Smileys & Emotion	face-concerned	🥱	12.0	0	yawning face	bedtime bored goodnight nap night sleep sleepy tired whatever yawn zzz
Smileys & Emotion	face-negative	😤	0.6	0	face with steam from nose	anger angry feels fume fuming furious fury mad triumph unhappy won
Smileys & Emotion	face-negative	😡	0.6	0	enraged face	anger angry feels mad maddening pouting rage red shade unhappy upset
Smileys & Emotion	face-negative	😠	0.6	0	angry face	anger blame feels frustrated mad maddening rage shade unhappy upset
Smileys & Emotion	face-negative	🤬	5.0	0	face with symbols on mouth	censor cursing cussing mad pissed swearing
Smileys & Emotion	face-negative	😈	1.0	0	smiling face with horns	demon devil evil fairy fairytale fantasy purple shade smile tale
Smileys & Emotion	face-negative	👿	0.6	0	angry face with horns	demon devil evil fairy fairytale fantasy imp mischievous purple shade tale
Smileys & Emotion	face-negative	💀	0.6	0	skull	body dead death face fairy fairytale i’m lmao monster tale yolo
Smileys & Emotion	face-negative	☠️	1.0	0	skull and crossbones	bone dead death face monster
Smileys & Emotion	face-costume	💩	0.6	0	pile of poo	bs comic doo dung face fml monster poop smelly smh stink stinks stinky turd
Smileys & Emotion	face-costume	🤡	3.0	0	clown face	
Smileys & Emotion	face-costume	👹	0.6	0	ogre	creature devil face fairy fairytale fantasy mask monster scary tale
Smileys & Emotion	face-costume	👺	0.6	0	goblin	angry creature face fairy fairytale fantasy mask mean monster tale
Smileys & Emotion	face-costume	👻	0.6	0	ghost	boo creature excited face fairy fairytale fantasy halloween haunting monster scary silly tale
Smileys & Emotion	face-costume	👽	0.6	0	alien	creature extraterrestrial face fairy fairytale fantasy monster space tale ufo
Smileys & Emotion	face-costume	👾	0.6	0	alien monster	creature extraterrestrial face fairy fairytale fantasy game gamer games pixelated space tale ufo
Smileys & Emotion	face-costume	🤖	1.0	0	robot	face monster
Smileys & Emotion	cat-face	😺	0.6	0	grinning cat	animal face mouth open smile smiling
Smileys & Emotion	cat-face	😸	0.6	0	grinning cat with smiling eyes	animal eye face grin smile
Smileys & Emotion	cat-face	😹	0.6	0	cat with tears of joy	animal face laugh laughing lol tear
Smileys & Emotion	cat-face	😻	0.6	0	smiling cat with heart-eyes	animal eye face heart love smile
Smileys & Emotion	cat-face	😼	0.6	0	cat with wry smile	animal face ironic
Smileys & Emotion	cat-face	😽	0.6	0	kissing cat	animal closed eye eyes face kiss
Smileys & Emotion	cat-face	🙀	0.6	0	weary cat	animal face oh surprised
Smileys & Emotion	cat-face	😿	0.6	0	crying cat	animal cry face sad tear
Smileys & Emotion	cat-face	😾	0.6	0	pouting cat	animal face
Smileys & Emotion	monkey-face	🙈	0.6	0	see-no-evil monkey	embarrassed evil face forbidden forgot gesture hide no omg prohibited scared secret smh watch
Smileys & Emotion	monkey-face	🙉	0.6	0	hear-no-evil monkey	animal ears evil face forbidden gesture hear listen no not prohibited secret shh tmi
Smileys & Emotion	monkey-face	🙊	0.6	0	speak-no-evil monkey	animal evil face forbidden gesture no not oops prohibited quiet secret speak stealth
Smileys & Emotion	heart	💌	0.6	0	love letter	heart mail romance valentine
Smileys & Emotion	heart	💘	0.6	0	heart with arrow	143 adorbs cupid date emotion ily love romance valentine
Smileys & Emotion	heart	💝	0.6	0	heart with ribbon	143 anniversary emotion ily kisses valentine xoxo
Smileys & Emotion	heart	💖	0.6	0	sparkling heart	143 emotion excited good ily kisses morning night sparkle xoxo
Smileys & Emotion	heart	💗	0.6	0	growing heart	143 emotion excited heartpulse ily kisses muah nervous pulse xoxo
Smileys & Emotion	heart	💓	0.6	0	beating heart	143 cardio emotion heartbeat ily love pulsating pulse
Smileys & Emotion	heart	💞	0.6	0	revolving hearts	143 adorbs anniversary emotion heart
Smileys & Emotion	heart	💕	0.6	0	two hearts	143 anniversary date dating emotion heart ily kisses love loving xoxo
Smileys & Emotion	heart	💟	0.6	0	heart decoration	143 emotion hearth purple white
Smileys & Emotion	heart	❣️	1.0	0	heart exclamation	heavy mark punctuation
Smileys & Emotion	heart	💔	0.6	0	broken heart	break crushed emotion heartbroken lonely sad
Smileys & Emotion	heart	❤️‍🔥	13.1	0	heart on fire	burn love lust sacred
Smileys & Emotion	heart	❤️‍🩹	13.1	0	mending heart	healthier improving recovering recuperating well
Smileys & Emotion	heart	❤️	0.6	0	red heart	emotion love
Smileys & Emotion	heart	🩷	15.0	0	pink heart	143 adorable cute emotion ily like love special sweet
Smileys & Emotion	heart	🧡	5.0	0	orange heart	143
Smileys & Emotion	heart	💛	0.6	0	yellow heart	143 cardiac emotion ily love
Smileys & Emotion	heart	💚	0.6	0	green heart	143 emotion ily love romantic
Smileys & Emotion	heart	💙	0.6	0	blue heart	143 emotion ily love romance
Smileys & Emotion	heart	🩵	15.0	0	light blue heart	143 cute cyan emotion ily like love sky special teal
Smileys & Emotion	heart	💜	0.6	0	purple heart	143 bestest emotion ily love
Smileys & Emotion	heart	🤎	12.0	0	brown heart	143
Smileys & Emotion	heart	🖤	3.0	0	black heart	evil wicked
Smileys & Emotion	heart	🩶	15.0	0	grey heart	143 emotion gray ily love silver slate special
Smileys & Emotion	heart	🤍	12.0	0	white heart	143
Smileys & Emotion	emotion	💋	0.6	0	kiss mark	dating emotion heart kissing lips romance sexy
Smileys & Emotion	emotion	💯	0.6	0	hundred points	100 a+ agree clearly definitely faithful fleek full keep perfect point score TRUE truth yup
Smileys & Emotion	emotion	💢	0.6	0	anger symbol	angry comic mad upset
Smileys & Emotion	emotion	🫯	17.0	0	fight cloud	argument brawl debate disagreement ruckus wrestle
Smileys & Emotion	emotion	💥	0.6	0	collision	bomb boom collide comic explode
Smileys & Emotion	emotion	💫	0.6	0	dizzy	comic shining shooting star stars
Smileys & Emotion	emotion	💦	0.6	0	sweat droplets	comic drip droplet drops splashing squirt water wet work workout
Smileys & Emotion	emotion	💨	0.6	0	dashing away	cloud comic dash fart fast go gone gotta running smoke
Smileys & Emotion	emotion	🕳️	0.7	0	hole	
Smileys & Emotion	emotion	💬	0.6	0	speech balloon	bubble comic dialog message sms talk text typing
Smileys & Emotion	emotion	👁️‍🗨️	2.0	0	eye in speech bubble	balloon witness
Smileys & Emotion	emotion	🗨️	2.0	0	left speech bubble	balloon dialog
Smileys & Emotion	emotion	🗯️	0.7	0	right anger bubble	angry balloon mad
Smileys & Emotion	emotion	💭	1.0	0	thought balloon	bubble cartoon cloud comic daydream decisions dream idea invent invention realize think thoughts wonder
Smileys & Emotion	emotion	💤	0.6	0	ZZZ	comic good goodnight night sleep sleeping sleepy tired
People & Body	hand-fingers-open	👋	0.6	1	waving hand	bye cya g2g greetings gtg hello hey hi later outtie ttfn ttyl wave yo you
People & Body	hand-fingers-open	🤚	3.0	1	raised back of hand	backhand
People & Body	hand-fingers-open	🖐️	0.7	1	hand with fingers splayed	finger raised stop
People & Body	hand-fingers-open	✋	0.6	1	raised hand	5 five high stop
People & Body	hand-fingers-open	🖖	1.0	1	vulcan salute	finger hand hands
People & Body	hand-fingers-open	🫱	14.0	1	rightwards hand	handshake hold reach right rightward shake
People & Body	hand-fingers-open	🫲	14.0	1	leftwards hand	handshake hold left leftward reach shake
People & Body	hand-fingers-open	🫳	14.0	1	palm down hand	dismiss drop dropped pick shoo up
People & Body	hand-fingers-open	🫴	14.0	1	palm up hand	beckon catch come hold know lift me offer tell
People & Body	hand-fingers-open	🫷	15.0	1	leftwards pushing hand	block five halt high hold leftward pause push refuse slap stop wait
People & Body	hand-fingers-open	🫸	15.0	1	rightwards pushing hand	block five halt high hold pause push refuse rightward slap stop wait
People & Body	hand-fingers-partial	👌	0.6	1	OK hand	awesome bet dope fleek fosho got gotcha legit okay pinch rad sure sweet three
People & Body	hand-fingers-partial	🤌	13.0	1	pinched fingers	gesture hand hold huh interrogation patience relax sarcastic ugh what zip
People & Body	hand-fingers-partial	🤏	12.0	1	pinching hand	amount bit fingers little small sort
People & Body	hand-fingers-partial	✌️	0.6	1	victory hand	peace v
People & Body	hand-fingers-partial	🤞	3.0	1	crossed fingers	cross finger hand luck
People & Body	hand-fingers-partial	🫰	14.0	1	hand with index finger and thumb crossed	<3 expensive heart love money snap
People & Body	hand-fingers-partial	🤟	5.0	1	love-you gesture	fingers hand ILY love three you
People & Body	hand-fingers-partial	🤘	1.0	1	sign of the horns	finger hand rock-on
People & Body	hand-fingers-partial	🤙	3.0	1	call me hand	hang loose Shaka
People & Body	hand-single-finger	👈	0.6	1	backhand index pointing left	finger hand point
People & Body	hand-single-finger	👉	0.6	1	backhand index pointing right	finger hand point
People & Body	hand-single-finger	👆	0.6	1	backhand index pointing up	finger hand point
People & Body	hand-single-finger	🖕	1.0	1	middle finger	hand
People & Body	hand-single-finger	👇	0.6	1	backhand index pointing down	finger hand point
People & Body	hand-single-finger	☝️	0.6	1	index pointing up	finger hand point this
People & Body	hand-single-finger	🫵	14.0	1	index pointing at the viewer	finger hand poke you
People & Body	hand-fingers-closed	👍	0.6	1	thumbs up	+1 good hand like thumb yes
People & Body	hand-fingers-closed	👎	0.6	1	thumbs down	-1 bad dislike good hand no nope thumb
People & Body	hand-fingers-closed	🫹	18.0	1	leftwards thumb sign	
People & Body	hand-fingers-closed	🫺	18.0	1	rightwards thumb sign	
People & Body	hand-fingers-closed	✊	0.6	1	raised fist	clenched hand punch solidarity
People & Body	hand-fingers-closed	👊	0.6	1	oncoming fist	absolutely agree boom bro bruh bump clenched correct hand knuckle pound punch rock ttyl
People & Body	hand-fingers-closed	🤛	3.0	1	left-facing fist	leftwards
People & Body	hand-fingers-closed	🤜	3.0	1	right-facing fist	rightwards
People & Body	hands	👏	0.6	1	clapping hands	applause approval awesome clap congrats congratulations excited good great hand homie job nice prayed well yay
People & Body	hands	🙌	0.6	1	raising hands	celebration gesture hand hooray praise raised
People & Body	hands	🫶	14.0	1	heart hands	<3 love you
People & Body	hands	👐	0.6	1	open hands	hand hug jazz swerve
People & Body	hands	🤲	5.0	1	palms up together	cupped dua hands pray prayer wish
People & Body	hands	🤝	3.0	1	handshake	agreement deal hand meeting shake
People & Body	hands	🙏	0.6	1	folded hands	appreciate ask beg blessed bow cmon five gesture hand high please pray thanks thx
People & Body	hand-prop	✍️	0.7	1	writing hand	write
People & Body	hand-prop	💅	0.6	1	nail polish	bored care cosmetics done makeup manicure whatever
People & Body	hand-prop	🤳	3.0	1	selfie	camera phone
People & Body	body-parts	💪	0.6	1	flexed biceps	arm beast bench bodybuilder bro curls flex gains gym jacked muscle press ripped strong weightlift
People & Body	body-parts	🦾	12.0	0	mechanical arm	accessibility prosthetic
People & Body	body-parts	🦿	12.0	0	mechanical leg	accessibility prosthetic
People & Body	body-parts	🦵	11.0	1	leg	bent foot kick knee limb
People & Body	body-parts	🦶	11.0	1	foot	ankle feet kick stomp
People & Body	body-parts	👂	0.6	1	ear	body ears hear hearing listen listening sound
People & Body	body-parts	🦻	12.0	1	ear with hearing aid	accessibility hard
People & Body	body-parts	👃	0.6	1	nose	body noses nosey odor smell smells
People & Body	body-parts	🧠	5.0	0	brain	intelligent smart
People & Body	body-parts	🫀	13.0	0	anatomical heart	beat cardiology heartbeat organ pulse real red
People & Body	body-parts	🫁	13.0	0	lungs	breath breathe exhalation inhalation lung organ respiration
People & Body	body-parts	🦷	11.0	0	tooth	dentist pearly teeth white
People & Body	body-parts	🦴	11.0	0	bone	bones dog skeleton wishbone
People & Body	body-parts	👀	0.6	0	eyes	body eye face googly look looking omg peep see seeing
People & Body	body-parts	👁️	0.7	0	eye	1 body one
People & Body	body-parts	👅	0.6	0	tongue	body lick slurp
People & Body	body-parts	👄	0.6	0	mouth	beauty body kiss kissing lips lipstick
People & Body	body-parts	🫦	14.0	0	biting lip	anxious bite fear flirt flirting kiss lipstick nervous sexy uncomfortable worried worry
People & Body	person	👶	0.6	1	baby	babies children goo infant newborn pregnant young
People & Body	person	🧒	5.0	1	child	bright-eyed grandchild kid young younger
People & Body	person	👦	0.6	1	boy	bright-eyed child grandson kid son young younger
People & Body	person	👧	0.6	1	girl	bright-eyed child daughter granddaughter kid Virgo young younger zodiac
People & Body	person	🧑	5.0	1	person	adult
People & Body	person	👱	0.6	1	person: blond hair	blond-haired human person
People & Body	person	👨	0.6	1	man	adult bro
People & Body	person	🧔	5.0	1	person: beard	bearded person whiskers
People & Body	person	🧔‍♂️	13.1	1	man: beard	bearded man whiskers
People & Body	person	🧔‍♀️	13.1	1	woman: beard	bearded whiskers woman
People & Body	person	👨‍🦰	11.0	1	man: red hair	
People & Body	person	👨‍🦱	11.0	1	man: curly hair	
People & Body	person	👨‍🦳	11.0	1	man: white hair	
People & Body	person	👨‍🦲	11.0	1	man: bald	
People & Body	person	👩	0.6	1	woman	adult lady
People & Body	person	👩‍🦰	11.0	1	woman: red hair	
People & Body	person	🧑‍🦰	12.1	1	person: red hair	
People & Body	person	👩‍🦱	11.0	1	woman: curly hair	
People & Body	person	🧑‍🦱	12.1	1	person: curly hair	
People & Body	person	👩‍🦳	11.0	1	woman: white hair	
People & Body	person	🧑‍🦳	12.1	1	person: white hair	
People & Body	person	👩‍🦲	11.0	1	woman: bald	
People & Body	person	🧑‍🦲	12.1	1	person: bald	
People & Body	person	👱‍♀️	4.0	1	woman: blond hair	blond-haired blonde woman
People & Body	person	👱‍♂️	4.0	1	man: blond hair	blond-haired man
People & Body	person	🧓	5.0	1	older person	adult elderly grandparent old wise
People & Body	person	👴	0.6	1	old man	adult bald elderly gramps grandfather grandpa wise
People & Body	person	👵	0.6	1	old woman	adult elderly grandma grandmother granny lady wise
People & Body	person-gesture	🙍	0.6	1	person frowning	annoyed disappointed disgruntled disturbed frown frustrated gesture irritated upset
People & Body	person-gesture	🙍‍♂️	4.0	1	man frowning	annoyed disappointed disgruntled disturbed frown frustrated gesture irritated upset
People & Body	person-gesture	🙍‍♀️	4.0	1	woman frowning	annoyed disappointed disgruntled disturbed frown frustrated gesture irritated upset
People & Body	person-gesture	🙎	0.6	1	person pouting	disappointed downtrodden frown grimace scowl sulk upset whine
People & Body	person-gesture	🙎‍♂️	4.0	1	man pouting	disappointed downtrodden frown grimace scowl sulk upset whine
People & Body	person-gesture	🙎‍♀️	4.0	1	woman pouting	disappointed downtrodden frown grimace scowl sulk upset whine
People & Body	person-gesture	🙅	0.6	1	person gesturing NO	forbidden gesture hand not prohibit
People & Body	person-gesture	🙅‍♂️	4.0	1	man gesturing NO	forbidden gesture hand not prohibit
People & Body	person-gesture	🙅‍♀️	4.0	1	woman gesturing NO	forbidden gesture hand not prohibit
People & Body	person-gesture	🙆	0.6	1	person gesturing OK	exercise gesture hand omg
People & Body	person-gesture	🙆‍♂️	4.0	1	man gesturing OK	exercise gesture hand omg
People & Body	person-gesture	🙆‍♀️	4.0	1	woman gesturing OK	exercise gesture hand omg
People & Body	person-gesture	💁	0.6	1	person tipping hand	fetch flick flip gossip sarcasm sarcastic sassy seriously whatever
People & Body	person-gesture	💁‍♂️	4.0	1	man tipping hand	fetch flick flip gossip sarcasm sarcastic sassy seriously whatever
People & Body	person-gesture	💁‍♀️	4.0	1	woman tipping hand	fetch flick flip gossip sarcasm sarcastic sassy seriously whatever
People & Body	person-gesture	🙋	0.6	1	person raising hand	gesture here know me pick question raise
People & Body	person-gesture	🙋‍♂️	4.0	1	man raising hand	gesture here know me pick question raise
People & Body	person-gesture	🙋‍♀️	4.0	1	woman raising hand	gesture here know me pick question raise
People & Body	person-gesture	🧏	12.0	1	deaf person	accessibility ear gesture hear
People & Body	person-gesture	🧏‍♂️	12.0	1	deaf man	accessibility ear gesture hear
People & Body	person-gesture	🧏‍♀️	12.0	1	deaf woman	accessibility ear gesture hear
People & Body	person-gesture	🙇	0.6	1	person bowing	apology ask beg bow favor forgive gesture meditate meditation pity regret sorry
People & Body	person-gesture	🙇‍♂️	4.0	1	man bowing	apology ask beg bow favor forgive gesture meditate meditation pity regret sorry
People & Body	person-gesture	🙇‍♀️	4.0	1	woman bowing	apology ask beg bow favor forgive gesture meditate meditation pity regret sorry
People & Body	person-gesture	🤦	3.0	1	person facepalming	again bewilder disbelief exasperation facepalm no not oh omg shock smh
People & Body	person-gesture	🤦‍♂️	4.0	1	man facepalming	again bewilder disbelief exasperation facepalm no not oh omg shock smh
People & Body	person-gesture	🤦‍♀️	4.0	1	woman facepalming	again bewilder disbelief exasperation facepalm no not oh omg shock smh
People & Body	person-gesture	🤷	3.0	1	person shrugging	doubt dunno guess idk ignorance indifference knows maybe shrug whatever who
People & Body	person-gesture	🤷‍♂️	4.0	1	man shrugging	doubt dunno guess idk ignorance indifference knows maybe shrug whatever who
People & Body	person-gesture	🤷‍♀️	4.0	1	woman shrugging	doubt dunno guess idk ignorance indifference knows maybe shrug whatever who
People & Body	person-role	🧑‍⚕️	12.1	1	health worker	doctor healthcare nurse therapist
People & Body	person-role	👨‍⚕️	4.0	1	man health worker	doctor healthcare nurse therapist
People & Body	person-role	👩‍⚕️	4.0	1	woman health worker	doctor healthcare nurse therapist
People & Body	person-role	🧑‍🎓	12.1	1	student	graduate
People & Body	person-role	👨‍🎓	4.0	1	man student	graduate
People & Body	person-role	👩‍🎓	4.0	1	woman student	graduate
People & Body	person-role	🧑‍🏫	12.1	1	teacher	instructor lecturer professor
People & Body	person-role	👨‍🏫	4.0	1	man teacher	instructor lecturer professor
People & Body	person-role	👩‍🏫	4.0	1	woman teacher	instructor lecturer professor
People & Body	person-role	🧑‍⚖️	12.1	1	judge	justice law scales
People & Body	person-role	👨‍⚖️	4.0	1	man judge	justice law scales
People & Body	person-role	👩‍⚖️	4.0	1	woman judge	justice law scales
People & Body	person-role	🧑‍🌾	12.1	1	farmer	gardener rancher
People & Body	person-role	👨‍🌾	4.0	1	man farmer	gardener rancher
People & Body	person-role	👩‍🌾	4.0	1	woman farmer	gardener rancher
People & Body	person-role	🧑‍🍳	12.1	1	cook	chef
People & Body	person-role	👨‍🍳	4.0	1	man cook	chef
People & Body	person-role	👩‍🍳	4.0	1	woman cook	chef
People & Body	person-role	🧑‍🔧	12.1	1	mechanic	electrician plumber tradesperson
People & Body	person-role	👨‍🔧	4.0	1	man mechanic	electrician plumber tradesperson
People & Body	person-role	👩‍🔧	4.0	1	woman mechanic	electrician plumber tradesperson
People & Body	person-role	🧑‍🏭	12.1	1	factory worker	assembly industrial
People & Body	person-role	👨‍🏭	4.0	1	man factory worker	assembly industrial
People & Body	person-role	👩‍🏭	4.0	1	woman factory worker	assembly industrial
People & Body	person-role	🧑‍💼	12.1	1	office worker	architect business manager white-collar
People & Body	person-role	👨‍💼	4.0	1	man office worker	architect business manager white-collar
People & Body	person-role	👩‍💼	4.0	1	woman office worker	architect business manager white-collar
People & Body	person-role	🧑‍🔬	12.1	1	scientist	biologist chemist engineer mathematician physicist
People & Body	person-role	👨‍🔬	4.0	1	man scientist	biologist chemist engineer mathematician physicist
People & Body	person-role	👩‍🔬	4.0	1	woman scientist	biologist chemist engineer mathematician physicist
People & Body	person-role	🧑‍💻	12.1	1	technologist	coder computer developer inventor software
People & Body	person-role	👨‍💻	4.0	1	man technologist	coder computer developer inventor software
People & Body	person-role	👩‍💻	4.0	1	woman technologist	coder computer developer inventor software
People & Body	person-role	🧑‍🎤	12.1	1	singer	actor entertainer rock rockstar star
People & Body	person-role	👨‍🎤	4.0	1	man singer	actor entertainer rock rockstar star
People & Body	person-role	👩‍🎤	4.0	1	woman singer	actor entertainer rock rockstar star
People & Body	person-role	🧑‍🎨	12.1	1	artist	palette
People & Body	person-role	👨‍🎨	4.0	1	man artist	palette
People & Body	person-role	👩‍🎨	4.0	1	woman artist	palette
People & Body	person-role	🧑‍✈️	12.1	1	pilot	plane
People & Body	person-role	👨‍✈️	4.0	1	man pilot	plane
People & Body	person-role	👩‍✈️	4.0	1	woman pilot	plane
People & Body	person-role	🧑‍🚀	12.1	1	astronaut	rocket space
People & Body	person-role	👨‍🚀	4.0	1	man astronaut	rocket space
People & Body	person-role	👩‍🚀	4.0	1	woman astronaut	rocket space
People & Body	person-role	🧑‍🚒	12.1	1	firefighter	fire firetruck
People & Body	person-role	👨‍🚒	4.0	1	man firefighter	fire firetruck
People & Body	person-role	👩‍🚒	4.0	1	woman firefighter	fire firetruck
People & Body	person-role	👮	0.6	1	police officer	apprehend arrest citation cop law over pulled undercover
People & Body	person-role	👮‍♂️	4.0	1	man police officer	apprehend arrest citation cop law over pulled undercover
People & Body	person-role	👮‍♀️	4.0	1	woman police officer	apprehend arrest citation cop law over pulled undercover
People & Body	person-role	🕵️	0.7	1	detective	sleuth spy
People & Body	person-role	🕵️‍♂️	4.0	1	man detective	sleuth spy
People & Body	person-role	🕵️‍♀️	4.0	1	woman detective	sleuth spy
People & Body	person-role	💂	0.6	1	guard	buckingham helmet london palace
People & Body	person-role	💂‍♂️	4.0	1	man guard	buckingham helmet london palace
People & Body	person-role	💂‍♀️	4.0	1	woman guard	buckingham helmet london palace
People & Body	person-role	🥷	13.0	1	ninja	assassin fight fighter hidden person secret skills sly soldier stealth war
People & Body	person-role	👷	0.6	1	construction worker	build fix hardhat hat man person rebuild remodel repair work
People & Body	person-role	👷‍♂️	4.0	1	man construction worker	build fix hardhat hat rebuild remodel repair work
People & Body	person-role	👷‍♀️	4.0	1	woman construction worker	build fix hardhat hat man rebuild remodel repair work
People & Body	person-role	🫅	14.0	1	person with crown	monarch noble regal royal royalty
People & Body	person-role	🤴	3.0	1	prince	crown fairy fairytale fantasy king royal royalty tale
People & Body	person-role	👸	0.6	1	princess	crown fairy fairytale fantasy queen royal royalty tale
People & Body	person-role	👳	0.6	1	person wearing turban	
People & Body	person-role	👳‍♂️	4.0	1	man wearing turban	
People & Body	person-role	👳‍♀️	4.0	1	woman wearing turban	
People & Body	person-role	👲	0.6	1	person with skullcap	cap Chinese gua guapi hat mao pi
People & Body	person-role	🧕	5.0	1	woman with headscarf	bandana head hijab kerchief mantilla tichel
People & Body	person-role	🤵	3.0	1	person in tuxedo	formal wedding
People & Body	person-role	🤵‍♂️	13.0	1	man in tuxedo	formal groom wedding
People & Body	person-role	🤵‍♀️	13.0	1	woman in tuxedo	formal wedding
People & Body	person-role	👰	0.6	1	person with veil	wedding
People & Body	person-role	👰‍♂️	13.0	1	man with veil	wedding
People & Body	person-role	👰‍♀️	13.0	1	woman with veil	bride wedding
People & Body	person-role	🤰	3.0	1	pregnant woman	
People & Body	person-role	🫃	14.0	1	pregnant man	belly bloated full overeat
People & Body	person-role	🫄	14.0	1	pregnant person	belly bloated full overeat stuffed
People & Body	person-role	🤱	5.0	1	breast-feeding	baby breast feeding mom mother nursing woman
People & Body	person-role	👩‍🍼	13.0	1	woman feeding baby	feed mom mother nanny newborn nursing
People & Body	person-role	👨‍🍼	13.0	1	man feeding baby	dad father feed nanny newborn nursing
People & Body	person-role	🧑‍🍼	13.0	1	person feeding baby	feed nanny newborn nursing parent
People & Body	person-fantasy	👼	0.6	1	baby angel	church face fairy fairytale fantasy tale
People & Body	person-fantasy	🎅	0.6	1	Santa Claus	celebration Christmas fairy fantasy father holiday merry tale xmas
People & Body	person-fantasy	🤶	3.0	1	Mrs. Claus	celebration Christmas fairy fantasy holiday merry mother Mrs santa tale xmas
People & Body	person-fantasy	🧑‍🎄	13.0	1	Mx Claus	celebration Christmas fairy fantasy holiday merry santa tale xmas
People & Body	person-fantasy	🦸	11.0	1	superhero	good hero superpower
People & Body	person-fantasy	🦸‍♂️	11.0	1	man superhero	good hero superpower
People & Body	person-fantasy	🦸‍♀️	11.0	1	woman superhero	good hero heroine superpower
People & Body	person-fantasy	🦹	11.0	1	supervillain	bad criminal evil superpower villain
People & Body	person-fantasy	🦹‍♂️	11.0	1	man supervillain	bad criminal evil superpower villain
People & Body	person-fantasy	🦹‍♀️	11.0	1	woman supervillain	bad criminal evil superpower villain
People & Body	person-fantasy	🧙	5.0	1	mage	fantasy magic play sorcerer sorceress sorcery spell summon witch wizard
People & Body	person-fantasy	🧙‍♂️	5.0	1	man mage	fantasy magic play sorcerer sorceress sorcery spell summon witch wizard
People & Body	person-fantasy	🧙‍♀️	5.0	1	woman mage	fantasy magic play sorcerer sorceress sorcery spell summon witch wizard
People & Body	person-fantasy	🧚	5.0	1	fairy	fairytale fantasy myth person pixie tale wings
People & Body	person-fantasy	🧚‍♂️	5.0	1	man fairy	fairytale fantasy myth Oberon person pixie Puck tale wings
People & Body	person-fantasy	🧚‍♀️	5.0	1	woman fairy	fairytale fantasy myth person pixie tale Titania wings
People & Body	person-fantasy	🧛	5.0	1	vampire	blood Dracula fangs halloween scary supernatural teeth undead
People & Body	person-fantasy	🧛‍♂️	5.0	1	man vampire	blood fangs halloween scary supernatural teeth undead
People & Body	person-fantasy	🧛‍♀️	5.0	1	woman vampire	blood fangs halloween scary supernatural teeth undead
People & Body	person-fantasy	🧜	5.0	1	merperson	creature fairytale folklore ocean sea siren trident
People & Body	person-fantasy	🧜‍♂️	5.0	1	merman	creature fairytale folklore Neptune ocean Poseidon sea siren trident Triton
People & Body	person-fantasy	🧜‍♀️	5.0	1	mermaid	creature fairytale folklore merwoman ocean sea siren trident
People & Body	person-fantasy	🧝	5.0	1	elf	elves enchantment fantasy folklore magic magical myth
People & Body	person-fantasy	🧝‍♂️	5.0	1	man elf	elves enchantment fantasy folklore magic magical myth
People & Body	person-fantasy	🧝‍♀️	5.0	1	woman elf	elves enchantment fantasy folklore magic magical myth
People & Body	person-fantasy	🧞	5.0	0	genie	djinn fantasy jinn lamp myth rub wishes
People & Body	person-fantasy	🧞‍♂️	5.0	0	man genie	djinn fantasy jinn lamp myth rub wishes
People & Body	person-fantasy	🧞‍♀️	5.0	0	woman genie	djinn fantasy jinn lamp myth rub wishes
People & Body	person-fantasy	🧟	5.0	0	zombie	apocalypse dead halloween horror scary undead walking
People & Body	person-fantasy	🧟‍♂️	5.0	0	man zombie	apocalypse dead halloween horror scary undead walking
People & Body	person-fantasy	🧟‍♀️	5.0	0	woman zombie	apocalypse dead halloween horror scary undead walking
People & Body	person-fantasy	🧌	14.0	0	troll	fairy fantasy monster tale trolling
People & Body	person-fantasy	🫈	17.0	0	hairy creature	bigfoot cryptid forest giant sasquatch woodwose yeti
People & Body	person-activity	💆	0.6	1	person getting massage	face headache relax relaxing salon soothe spa tension therapy treatment
People & Body	person-activity	💆‍♂️	4.0	1	man getting massage	face headache relax relaxing salon soothe spa tension therapy treatment
People & Body	person-activity	💆‍♀️	4.0	1	woman getting massage	face headache relax relaxing salon soothe spa tension therapy treatment
People & Body	person-activity	💇	0.6	1	person getting haircut	barber beauty chop cosmetology cut groom hair parlor shears style
People & Body	person-activity	💇‍♂️	4.0	1	man getting haircut	barber beauty chop cosmetology cut groom hair parlor person shears style
People & Body	person-activity	💇‍♀️	4.0	1	woman getting haircut	barber beauty chop cosmetology cut groom hair parlor person shears style
People & Body	person-activity	🚶	0.6	1	person walking	amble gait hike man pace pedestrian stride stroll walk
People & Body	person-activity	🚶‍♂️	4.0	1	man walking	amble gait hike pace pedestrian stride stroll walk
People & Body	person-activity	🚶‍♀️	4.0	1	woman walking	amble gait hike man pace pedestrian stride stroll walk
People & Body	person-activity	🚶‍➡️	15.1	1	person walking facing right	
People & Body	person-activity	🚶‍♀️‍➡️	15.1	1	woman walking facing right	
People & Body	person-activity	🚶‍♂️‍➡️	15.1	1	man walking facing right	
People & Body	person-activity	🧍	12.0	1	person standing	stand
People & Body	person-activity	🧍‍♂️	12.0	1	man standing	stand
People & Body	person-activity	🧍‍♀️	12.0	1	woman standing	stand
People & Body	person-activity	🧎	12.0	1	person kneeling	kneel knees
People & Body	person-activity	🧎‍♂️	12.0	1	man kneeling	kneel knees
People & Body	person-activity	🧎‍♀️	12.0	1	woman kneeling	kneel knees
People & Body	person-activity	🧎‍➡️	15.1	1	person kneeling facing right	
People & Body	person-activity	🧎‍♀️‍➡️	15.1	1	woman kneeling facing right	
People & Body	person-activity	🧎‍♂️‍➡️	15.1	1	man kneeling facing right	
People & Body	person-activity	🧑‍🦯	12.1	1	person with white cane	accessibility blind probing
People & Body	person-activity	🧑‍🦯‍➡️	15.1	1	person with white cane facing right	
People & Body	person-activity	👨‍🦯	12.0	1	man with white cane	accessibility blind probing
People & Body	person-activity	👨‍🦯‍➡️	15.1	1	man with white cane facing right	
People & Body	person-activity	👩‍🦯	12.0	1	woman with white cane	accessibility blind probing
People & Body	person-activity	👩‍🦯‍➡️	15.1	1	woman with white cane facing right	
People & Body	person-activity	🧑‍🦼	12.1	1	person in motorized wheelchair	accessibility
People & Body	person-activity	🧑‍🦼‍➡️	15.1	1	person in motorized wheelchair facing right	
People & Body	person-activity	👨‍🦼	12.0	1	man in motorized wheelchair	accessibility
People & Body	person-activity	👨‍🦼‍➡️	15.1	1	man in motorized wheelchair facing right	
People & Body	person-activity	👩‍🦼	12.0	1	woman in motorized wheelchair	accessibility
People & Body	person-activity	👩‍🦼‍➡️	15.1	1	woman in motorized wheelchair facing right	
People & Body	person-activity	🧑‍🦽	12.1	1	person in manual wheelchair	accessibility
People & Body	person-activity	🧑‍🦽‍➡️	15.1	1	person in manual wheelchair facing right	
People & Body	person-activity	👨‍🦽	12.0	1	man in manual wheelchair	accessibility
People & Body	person-activity	👨‍🦽‍➡️	15.1	1	man in manual wheelchair facing right	
People & Body	person-activity	👩‍🦽	12.0	1	woman in manual wheelchair	accessibility
People & Body	person-activity	👩‍🦽‍➡️	15.1	1	woman in manual wheelchair facing right	
People & Body	person-activity	🏃	0.6	1	person running	fast hurry marathon move quick race racing run rush speed
People & Body	person-activity	🏃‍♂️	4.0	1	man running	fast hurry marathon move quick race racing run rush speed
People & Body	person-activity	🏃‍♀️	4.0	1	woman running	fast hurry marathon move quick race racing run rush speed
People & Body	person-activity	🏃‍➡️	15.1	1	person running facing right	
People & Body	person-activity	🏃‍♀️‍➡️	15.1	1	woman running facing right	
People & Body	person-activity	🏃‍♂️‍➡️	15.1	1	man running facing right	
People & Body	person-activity	🧑‍🩰	17.0	1	ballet dancer	
People & Body	person-activity	💃	0.6	1	woman dancing	dance dancer elegant festive flair flamenco groove let’s salsa tango
People & Body	person-activity	🕺	3.0	1	man dancing	dance dancer elegant festive flair flamenco groove let’s salsa tango
People & Body	person-activity	🕴️	0.7	1	person in suit levitating	business
People & Body	person-activity	👯	0.6	1	people with bunny ears	bestie bff counterpart dancer double ear identical pair party partying soulmate twin twinsies
People & Body	person-activity	👯‍♂️	4.0	1	men with bunny ears	bestie bff counterpart dancer double ear identical pair party partying people soulmate twin twinsies
People & Body	person-activity	👯‍♀️	4.0	1	women with bunny ears	bestie bff counterpart dancer double ear identical pair party partying people soulmate twin twinsies
People & Body	person-activity	🧖	5.0	1	person in steamy room	day luxurious pamper relax sauna spa steam steambath unwind
People & Body	person-activity	🧖‍♂️	5.0	1	man in steamy room	day luxurious pamper relax sauna spa steam steambath unwind
People & Body	person-activity	🧖‍♀️	5.0	1	woman in steamy room	day luxurious pamper relax sauna spa steam steambath unwind
People & Body	person-activity	🧗	5.0	1	person climbing	climb climber mountain rock scale up
People & Body	person-activity	🧗‍♂️	5.0	1	man climbing	climb climber mountain rock scale up
People & Body	person-activity	🧗‍♀️	5.0	1	woman climbing	climb climber mountain rock scale up
People & Body	person-sport	🤺	3.0	0	person fencing	fencer sword
People & Body	person-sport	🏇	1.0	1	horse racing	jockey racehorse riding sport
People & Body	person-sport	⛷️	0.7	0	skier	ski snow
People & Body	person-sport	🏂	0.6	1	snowboarder	ski snow snowboard sport
People & Body	person-sport	🏌️	0.7	1	person golfing	ball birdie caddy driving golf green pga putt range tee
People & Body	person-sport	🏌️‍♂️	4.0	1	man golfing	ball birdie caddy driving golf green pga putt range tee
People & Body	person-sport	🏌️‍♀️	4.0	1	woman golfing	ball birdie caddy driving golf green pga putt range tee
People & Body	person-sport	🏄	0.6	1	person surfing	beach ocean sport surf surfer swell waves
People & Body	person-sport	🏄‍♂️	4.0	1	man surfing	beach ocean sport surf surfer swell waves
People & Body	person-sport	🏄‍♀️	4.0	1	woman surfing	beach ocean person sport surf surfer swell waves
People & Body	person-sport	🚣	1.0	1	person rowing boat	canoe cruise fishing lake oar paddle raft river row rowboat
People & Body	person-sport	🚣‍♂️	4.0	1	man rowing boat	canoe cruise fishing lake oar paddle raft river row rowboat
People & Body	person-sport	🚣‍♀️	4.0	1	woman rowing boat	canoe cruise fishing lake oar paddle raft river row rowboat
People & Body	person-sport	🏊	0.6	1	person swimming	freestyle sport swim swimmer triathlon
People & Body	person-sport	🏊‍♂️	4.0	1	man swimming	freestyle sport swim swimmer triathlon
People & Body	person-sport	🏊‍♀️	4.0	1	woman swimming	freestyle man sport swim swimmer triathlon
People & Body	person-sport	⛹️	0.7	1	person bouncing ball	athletic basketball championship dribble net player throw
People & Body	person-sport	⛹️‍♂️	4.0	1	man bouncing ball	athletic basketball championship dribble net player throw
People & Body	person-sport	⛹️‍♀️	4.0	1	woman bouncing ball	athletic basketball championship dribble net player throw
People & Body	person-sport	🏋️	0.7	1	person lifting weights	barbell bodybuilder deadlift lifter powerlifting weight weightlifter workout
People & Body	person-sport	🏋️‍♂️	4.0	1	man lifting weights	barbell bodybuilder deadlift lifter powerlifting weight weightlifter workout
People & Body	person-sport	🏋️‍♀️	4.0	1	woman lifting weights	barbell bodybuilder deadlift lifter powerlifting weight weightlifter workout
People & Body	person-sport	🚴	1.0	1	person biking	bicycle bicyclist bike cycle cyclist riding sport
People & Body	person-sport	🚴‍♂️	4.0	1	man biking	bicycle bicyclist bike cycle cyclist riding sport
People & Body	person-sport	🚴‍♀️	4.0	1	woman biking	bicycle bicyclist bike cycle cyclist riding sport
People & Body	person-sport	🚵	1.0	1	person mountain biking	bicycle bicyclist bike cycle cyclist riding sport
People & Body	person-sport	🚵‍♂️	4.0	1	man mountain biking	bicycle bicyclist bike cycle cyclist riding sport
People & Body	person-sport	🚵‍♀️	4.0	1	woman mountain biking	bicycle bicyclist bike cycle cyclist riding sport
People & Body	person-sport	🤸	3.0	1	person cartwheeling	active cartwheel excited flip gymnastics happy somersault
People & Body	person-sport	🤸‍♂️	4.0	1	man cartwheeling	active cartwheel excited flip gymnastics happy somersault
People & Body	person-sport	🤸‍♀️	4.0	1	woman cartwheeling	active cartwheel excited flip gymnastics happy somersault
People & Body	person-sport	🤼	3.0	1	people wrestling	combat duel grapple ring tournament wrestle
People & Body	person-sport	🤼‍♂️	4.0	1	men wrestling	combat duel grapple ring tournament wrestle
People & Body	person-sport	🤼‍♀️	4.0	1	women wrestling	combat duel grapple ring tournament wrestle
People & Body	person-sport	🤽	3.0	1	person playing water polo	sport swimming waterpolo
People & Body	person-sport	🤽‍♂️	4.0	1	man playing water polo	sport swimming waterpolo
People & Body	person-sport	🤽‍♀️	4.0	1	woman playing water polo	sport swimming waterpolo
People & Body	person-sport	🤾	3.0	1	person playing handball	athletics ball catch chuck hurl lob pitch sport throw toss
People & Body	person-sport	🤾‍♂️	4.0	1	man playing handball	athletics ball catch chuck hurl lob pitch sport throw toss
People & Body	person-sport	🤾‍♀️	4.0	1	woman playing handball	athletics ball catch chuck hurl lob pitch sport throw toss
People & Body	person-sport	🤹	3.0	1	person juggling	act balance balancing handle juggle manage multitask skill
People & Body	person-sport	🤹‍♂️	4.0	1	man juggling	act balance balancing handle juggle manage multitask skill
People & Body	person-sport	🤹‍♀️	4.0	1	woman juggling	act balance balancing handle juggle manage multitask skill
People & Body	person-resting	🧘	5.0	1	person in lotus position	cross legged legs meditation peace relax serenity yoga yogi zen
People & Body	person-resting	🧘‍♂️	5.0	1	man in lotus position	cross legged legs meditation peace relax serenity yoga yogi zen
People & Body	person-resting	🧘‍♀️	5.0	1	woman in lotus position	cross legged legs meditation peace relax serenity yoga yogi zen
People & Body	person-resting	🛀	0.6	1	person taking bath	bathtub tub
People & Body	person-resting	🛌	1.0	1	person in bed	bedtime good goodnight hotel nap night sleep tired zzz
People & Body	family	🧑‍🤝‍🧑	12.0	0	people holding hands	bae bestie bff couple dating flirt friends hand hold twins
People & Body	family	👭	1.0	1	women holding hands	bae bestie bff couple dating flirt friends girls hand hold sisters twins
People & Body	family	👫	0.6	1	woman and man holding hands	bae bestie bff couple dating flirt friends hand hold twins
People & Body	family	👬	1.0	1	men holding hands	bae bestie bff boys brothers couple dating flirt friends hand hold twins
People & Body	family	💏	0.6	1	kiss	anniversary babe bae couple date dating heart love mwah person romance together xoxo
People & Body	family	👩‍❤️‍💋‍👨	2.0	0	kiss: woman, man	
People & Body	family	👨‍❤️‍💋‍👨	2.0	0	kiss: man, man	
People & Body	family	👩‍❤️‍💋‍👩	2.0	0	kiss: woman, woman	
People & Body	family	💑	0.6	1	couple with heart	anniversary babe bae dating kiss love person relationship romance together you
People & Body	family	👩‍❤️‍👨	2.0	0	couple with heart: woman, man	
People & Body	family	👨‍❤️‍👨	2.0	0	couple with heart: man, man	
People & Body	family	👩‍❤️‍👩	2.0	0	couple with heart: woman, woman	
People & Body	family	👨‍👩‍👦	2.0	0	family: man, woman, boy	
People & Body	family	👨‍👩‍👧	2.0	0	family: man, woman, girl	
People & Body	family	👨‍👩‍👧‍👦	2.0	0	family: man, woman, girl, boy	
People & Body	family	👨‍👩‍👦‍👦	2.0	0	family: man, woman, boy, boy	
People & Body	family	👨‍👩‍👧‍👧	2.0	0	family: man, woman, girl, girl	
People & Body	family	👨‍👨‍👦	2.0	0	family: man, man, boy	
People & Body	family	👨‍👨‍👧	2.0	0	family: man, man, girl	
People & Body	family	👨‍👨‍👧‍👦	2.0	0	family: man, man, girl, boy	
People & Body	family	👨‍👨‍👦‍👦	2.0	0	family: man, man, boy, boy	
People & Body	family	👨‍👨‍👧‍👧	2.0	0	family: man, man, girl, girl	
People & Body	family	👩‍👩‍👦	2.0	0	family: woman, woman, boy	
People & Body	family	👩‍👩‍👧	2.0	0	family: woman, woman, girl	
People & Body	family	👩‍👩‍👧‍👦	2.0	0	family: woman, woman, girl, boy	
People & Body	family	👩‍👩‍👦‍👦	2.0	0	family: woman, woman, boy, boy	
People & Body	family	👩‍👩‍👧‍👧	2.0	0	family: woman, woman, girl, girl	
People & Body	family	👨‍👦	4.0	0	family: man, boy	
People & Body	family	👨‍👦‍👦	4.0	0	family: man, boy, boy	
People & Body	family	👨‍👧	4.0	0	family: man, girl	
People & Body	family	👨‍👧‍👦	4.0	0	family: man, girl, boy	
People & Body	family	👨‍👧‍👧	4.0	0	family: man, girl, girl	
People & Body	family	👩‍👦	4.0	0	family: woman, boy	
People & Body	family	👩‍👦‍👦	4.0	0	family: woman, boy, boy	
People & Body	family	👩‍👧	4.0	0	family: woman, girl	
People & Body	family	👩‍👧‍👦	4.0	0	family: woman, girl, boy	
People & Body	family	👩‍👧‍👧	4.0	0	family: woman, girl, girl	
People & Body	person-symbol	🗣️	0.7	0	speaking head	face silhouette speak
People & Body	person-symbol	👤	0.6	0	bust in silhouette	mysterious shadow
People & Body	person-symbol	👥	1.0	0	busts in silhouette	bff bust everyone friend friends people
People & Body	person-symbol	🫂	13.0	0	people hugging	comfort embrace farewell friendship goodbye hello hug love thanks
People & Body	person-symbol	👪	0.6	0	family	child
People & Body	person-symbol	🧑‍🧑‍🧒	15.1	0	family: adult, adult, child	adult family
People & Body	person-symbol	🧑‍🧑‍🧒‍🧒	15.1	0	family: adult, adult, child, child	adult family
People & Body	person-symbol	🧑‍🧒	15.1	0	family: adult, child	adult family
People & Body	person-symbol	🧑‍🧒‍🧒	15.1	0	family: adult, child, child	adult family
People & Body	person-symbol	👣	0.6	0	footprints	barefoot clothing footprint omw print walk
People & Body	person-symbol	🫆	16.0	0	fingerprint	clue crime detective forensics identity mystery print safety trace
Animals & Nature	animal-mammal	🐵	0.6	0	monkey face	animal banana
Animals & Nature	animal-mammal	🐒	0.6	0	monkey	animal banana
Animals & Nature	animal-mammal	🦍	3.0	0	gorilla	animal
Animals & Nature	animal-mammal	🦧	12.0	0	orangutan	animal ape monkey
Animals & Nature	animal-mammal	🐶	0.6	0	dog face	adorbs animal pet puppies puppy
Animals & Nature	animal-mammal	🐕	0.7	0	dog	animal animals dogs pet
Animals & Nature	animal-mammal	🦮	12.0	0	guide dog	accessibility animal blind
Animals & Nature	animal-mammal	🐕‍🦺	12.0	0	service dog	accessibility animal assistance
Animals & Nature	animal-mammal	🐩	0.6	0	poodle	animal dog fluffy
Animals & Nature	animal-mammal	🐺	0.6	0	wolf	animal face
Animals & Nature	animal-mammal	🦊	3.0	0	fox	animal face
Animals & Nature	animal-mammal	🦝	11.0	0	raccoon	animal curious sly
Animals & Nature	animal-mammal	🐱	0.6	0	cat face	animal kitten kitty pet
Animals & Nature	animal-mammal	🐈	0.7	0	cat	animal animals cats kitten pet
Animals & Nature	animal-mammal	🐈‍⬛	13.0	0	black cat	animal feline halloween meow unlucky
Animals & Nature	animal-mammal	🦁	1.0	0	lion	alpha animal face Leo mane order rawr roar safari strong zodiac
Animals & Nature	animal-mammal	🐯	0.6	0	tiger face	animal big cat predator
Animals & Nature	animal-mammal	🐅	1.0	0	tiger	animal big cat predator zoo
Animals & Nature	animal-mammal	🐆	1.0	0	leopard	animal big cat predator zoo
Animals & Nature	animal-mammal	🐴	0.6	0	horse face	animal dressage equine farm horses
Animals & Nature	animal-mammal	🫎	15.0	0	moose	alces animal antlers elk mammal
Animals & Nature	animal-mammal	🫏	15.0	0	donkey	animal ass burro hinny mammal mule stubborn
Animals & Nature	animal-mammal	🐎	0.6	0	horse	animal equestrian farm racehorse racing
Animals & Nature	animal-mammal	🦄	1.0	0	unicorn	face
Animals & Nature	animal-mammal	🦓	5.0	0	zebra	animal stripe
Animals & Nature	animal-mammal	🦌	3.0	0	deer	animal
Animals & Nature	animal-mammal	🦬	13.0	0	bison	animal buffalo herd wisent
Animals & Nature	animal-mammal	🐮	0.6	0	cow face	animal farm milk moo
Animals & Nature	animal-mammal	🐂	1.0	0	ox	animal animals bull farm Taurus zodiac
Animals & Nature	animal-mammal	🐃	1.0	0	water buffalo	animal zoo
Animals & Nature	animal-mammal	🐄	1.0	0	cow	animal animals farm milk moo
Animals & Nature	animal-mammal	🐷	0.6	0	pig face	animal bacon farm pork
Animals & Nature	animal-mammal	🐖	1.0	0	pig	animal bacon farm pork sow
Animals & Nature	animal-mammal	🐗	0.6	0	boar	animal pig
Animals & Nature	animal-mammal	🐽	0.6	0	pig nose	animal face farm smell snout
Animals & Nature	animal-mammal	🐏	1.0	0	ram	animal Aries horns male sheep zodiac zoo
Animals & Nature	animal-mammal	🐑	0.6	0	ewe	animal baa farm female fluffy lamb sheep wool
Animals & Nature	animal-mammal	🐐	1.0	0	goat	animal Capricorn farm milk zodiac
Animals & Nature	animal-mammal	🐪	1.0	0	camel	animal desert dromedary hump one
Animals & Nature	animal-mammal	🐫	0.6	0	two-hump camel	animal bactrian desert hump two
Animals & Nature	animal-mammal	🦙	11.0	0	llama	alpaca animal guanaco vicuña wool
Animals & Nature	animal-mammal	🦒	5.0	0	giraffe	animal spots
Animals & Nature	animal-mammal	🐘	0.6	0	elephant	animal
Animals & Nature	animal-mammal	🦣	13.0	0	mammoth	animal extinction large tusk wooly
Animals & Nature	animal-mammal	🦏	3.0	0	rhinoceros	animal
Animals & Nature	animal-mammal	🦛	11.0	0	hippopotamus	animal hippo
Animals & Nature	animal-mammal	🐭	0.6	0	mouse face	animal
Animals & Nature	animal-mammal	🐁	1.0	0	mouse	animal animals
Animals & Nature	animal-mammal	🐀	1.0	0	rat	animal
Animals & Nature	animal-mammal	🐹	0.6	0	hamster	animal face pet
Animals & Nature	animal-mammal	🐰	0.6	0	rabbit face	animal bunny pet
Animals & Nature	animal-mammal	🐇	1.0	0	rabbit	animal bunny pet
Animals & Nature	animal-mammal	🐿️	0.7	0	chipmunk	animal squirrel
Animals & Nature	animal-mammal	🦫	13.0	0	beaver	animal dam teeth
Animals & Nature	animal-mammal	🦔	5.0	0	hedgehog	animal spiny
Animals & Nature	animal-mammal	🦇	3.0	0	bat	animal vampire
Animals & Nature	animal-mammal	🐻	0.6	0	bear	animal face grizzly growl honey
Animals & Nature	animal-mammal	🐻‍❄️	13.0	0	polar bear	animal arctic white
Animals & Nature	animal-mammal	🐨	0.6	0	koala	animal australia bear down face marsupial under
Animals & Nature	animal-mammal	🐼	0.6	0	panda	animal bamboo face
Animals & Nature	animal-mammal	🦥	12.0	0	sloth	lazy slow
Animals & Nature	animal-mammal	🦦	12.0	0	otter	animal fishing playful
Animals & Nature	animal-mammal	🦨	12.0	0	skunk	animal stink
Animals & Nature	animal-mammal	🦘	11.0	0	kangaroo	animal joey jump marsupial
Animals & Nature	animal-mammal	🦡	11.0	0	badger	animal honey pester
Animals & Nature	animal-mammal	🐾	0.6	0	paw prints	feet paws print
Animals & Nature	animal-bird	🦃	1.0	0	turkey	bird gobble thanksgiving
Animals & Nature	animal-bird	🐔	0.6	0	chicken	animal bird ornithology
Animals & Nature	animal-bird	🐓	1.0	0	rooster	animal bird ornithology
Animals & Nature	animal-bird	🐣	0.6	0	hatching chick	animal baby bird egg
Animals & Nature	animal-bird	🐤	0.6	0	baby chick	animal bird ornithology
Animals & Nature	animal-bird	🐥	0.6	0	front-facing baby chick	animal bird newborn ornithology
Animals & Nature	animal-bird	🐦	0.6	0	bird	animal ornithology
Animals & Nature	animal-bird	🐧	0.6	0	penguin	animal antarctica bird ornithology
Animals & Nature	animal-bird	🕊️	0.7	0	dove	bird fly ornithology peace
Animals & Nature	animal-bird	🦅	3.0	0	eagle	animal bird ornithology
Animals & Nature	animal-bird	🦆	3.0	0	duck	animal bird ornithology
Animals & Nature	animal-bird	🦢	11.0	0	swan	animal bird cygnet duckling ornithology ugly
Animals & Nature	animal-bird	🦉	3.0	0	owl	animal bird ornithology wise
Animals & Nature	animal-bird	🦤	13.0	0	dodo	animal bird extinction large ornithology
Animals & Nature	animal-bird	🪶	13.0	0	feather	bird flight light plumage
Animals & Nature	animal-bird	🦩	12.0	0	flamingo	animal bird flamboyant ornithology tropical
Animals & Nature	animal-bird	🦚	11.0	0	peacock	animal bird colorful ornithology ostentatious peahen pretty proud
Animals & Nature	animal-bird	🦜	11.0	0	parrot	animal bird ornithology pirate talk
Animals & Nature	animal-bird	🪽	15.0	0	wing	angelic ascend aviation bird fly flying heavenly mythology soar
Animals & Nature	animal-bird	🐦‍⬛	15.0	0	black bird	animal beak caw corvid crow ornithology raven rook
Animals & Nature	animal-bird	🪿	15.0	0	goose	animal bird duck flock fowl gaggle gander geese honk ornithology silly
Animals & Nature	animal-bird	🐦‍🔥	15.1	0	phoenix	ascend ascension emerge fantasy firebird glory immortal rebirth reincarnation reinvent renewal revival revive rise transform
Animals & Nature	animal-amphibian	🐸	0.6	0	frog	animal face
Animals & Nature	animal-reptile	🐊	1.0	0	crocodile	animal zoo
Animals & Nature	animal-reptile	🐢	0.6	0	turtle	animal terrapin tortoise
Animals & Nature	animal-reptile	🦎	3.0	0	lizard	animal reptile
Animals & Nature	animal-reptile	🐍	0.6	0	snake	animal bearer Ophiuchus serpent zodiac
Animals & Nature	animal-reptile	🐲	0.6	0	dragon face	animal fairy fairytale tale
Animals & Nature	animal-reptile	🐉	1.0	0	dragon	animal fairy fairytale knights tale
Animals & Nature	animal-reptile	🦕	5.0	0	sauropod	brachiosaurus brontosaurus dinosaur diplodocus
Animals & Nature	animal-reptile	🦖	5.0	0	T-Rex	dinosaur Rex T Tyrannosaurus
Animals & Nature	animal-marine	🐳	0.6	0	spouting whale	animal beach face ocean
Animals & Nature	animal-marine	🐋	1.0	0	whale	animal beach ocean
Animals & Nature	animal-marine	🐬	0.6	0	dolphin	animal beach flipper ocean
Animals & Nature	animal-marine	🫍	17.0	0	orca	marine ocean whale
Animals & Nature	animal-marine	🦭	13.0	0	seal	animal lion ocean sea
Animals & Nature	animal-marine	🐟	0.6	0	fish	animal dinner fishes fishing Pisces zodiac
Animals & Nature	animal-marine	🐠	0.6	0	tropical fish	animal fishes
Animals & Nature	animal-marine	🐡	0.6	0	blowfish	animal fish
Animals & Nature	animal-marine	🦈	3.0	0	shark	animal fish
Animals & Nature	animal-marine	🐙	0.6	0	octopus	animal creature ocean
Animals & Nature	animal-marine	🐚	0.6	0	spiral shell	animal beach conch sea
Animals & Nature	animal-marine	🪸	14.0	0	coral	change climate ocean reef sea
Animals & Nature	animal-marine	🪼	15.0	0	jellyfish	animal aquarium burn invertebrate jelly life marine ocean ouch plankton sea sting stinger tentacles
Animals & Nature	animal-marine	🦀	1.0	0	crab	Cancer zodiac
Animals & Nature	animal-marine	🦞	11.0	0	lobster	animal bisque claws seafood
Animals & Nature	animal-marine	🦐	3.0	0	shrimp	food shellfish small
Animals & Nature	animal-marine	🦑	3.0	0	squid	animal food mollusk
Animals & Nature	animal-marine	🦪	12.0	0	oyster	diving pearl
Animals & Nature	animal-bug	🐌	0.6	0	snail	animal escargot garden nature slug
Animals & Nature	animal-bug	🦋	3.0	0	butterfly	insect pretty
Animals & Nature	animal-bug	🫌	18.0	0	monarch butterfly	
Animals & Nature	animal-bug	🐛	0.6	0	bug	animal garden insect
Animals & Nature	animal-bug	🐜	0.6	0	ant	animal garden insect
Animals & Nature	animal-bug	🐝	0.6	0	honeybee	animal bee bumblebee honey insect nature spring
Animals & Nature	animal-bug	🪲	13.0	0	beetle	animal bug insect
Animals & Nature	animal-bug	🐞	0.6	0	lady beetle	animal garden insect ladybird ladybug nature
Animals & Nature	animal-bug	🦗	5.0	0	cricket	animal bug grasshopper insect Orthoptera
Animals & Nature	animal-bug	🪳	13.0	0	cockroach	animal insect pest roach
Animals & Nature	animal-bug	🕷️	0.7	0	spider	animal insect
Animals & Nature	animal-bug	🕸️	0.7	0	spider web	
Animals & Nature	animal-bug	🦂	1.0	0	scorpion	Scorpio Scorpius zodiac
Animals & Nature	animal-bug	🦟	11.0	0	mosquito	bite disease fever insect malaria pest virus
Animals & Nature	animal-bug	🪰	13.0	0	fly	animal disease insect maggot pest rotting
Animals & Nature	animal-bug	🪱	13.0	0	worm	animal annelid earthworm parasite
Animals & Nature	animal-bug	🦠	11.0	0	microbe	amoeba bacteria science virus
Animals & Nature	plant-flower	💐	0.6	0	bouquet	anniversary birthday date flower love plant romance
Animals & Nature	plant-flower	🌸	0.6	0	cherry blossom	flower plant spring springtime
Animals & Nature	plant-flower	💮	0.6	0	white flower	
Animals & Nature	plant-flower	🪷	14.0	0	lotus	beauty Buddhism calm flower Hinduism peace purity serenity
Animals & Nature	plant-flower	🏵️	0.7	0	rosette	plant
Animals & Nature	plant-flower	🌹	0.6	0	rose	beauty elegant flower love plant red valentine
Animals & Nature	plant-flower	🥀	3.0	0	wilted flower	dying
Animals & Nature	plant-flower	🌺	0.6	0	hibiscus	flower plant
Animals & Nature	plant-flower	🌻	0.6	0	sunflower	flower outdoors plant sun
Animals & Nature	plant-flower	🌼	0.6	0	blossom	buttercup dandelion flower plant
Animals & Nature	plant-flower	🌷	0.6	0	tulip	blossom flower growth plant
Animals & Nature	plant-flower	🪻	15.0	0	hyacinth	bloom bluebonnet flower indigo lavender lilac lupine plant purple shrub snapdragon spring violet
Animals & Nature	plant-other	🌱	0.6	0	seedling	plant sapling sprout young
Animals & Nature	plant-other	🪴	13.0	0	potted plant	decor grow house nurturing pot
Animals & Nature	plant-other	🌲	1.0	0	evergreen tree	christmas forest pine
Animals & Nature	plant-other	🌳	1.0	0	deciduous tree	forest green habitat shedding
Animals & Nature	plant-other	🌴	0.6	0	palm tree	beach plant tropical
Animals & Nature	plant-other	🌵	0.6	0	cactus	desert drought nature plant
Animals & Nature	plant-other	🌾	0.6	0	sheaf of rice	ear grain grains plant
Animals & Nature	plant-other	🌿	0.6	0	herb	leaf plant
Animals & Nature	plant-other	☘️	1.0	0	shamrock	irish plant
Animals & Nature	plant-other	🍀	0.6	0	four leaf clover	4 four-leaf irish lucky plant
Animals & Nature	plant-other	🍁	0.6	0	maple leaf	falling
Animals & Nature	plant-other	🍂	0.6	0	fallen leaf	autumn fall falling
Animals & Nature	plant-other	🍃	0.6	0	leaf fluttering in wind	blow flutter
Animals & Nature	plant-other	🪹	14.0	0	empty nest	branch home nesting
Animals & Nature	plant-other	🪺	14.0	0	nest with eggs	bird branch egg nesting
Animals & Nature	plant-other	🍄	0.6	0	mushroom	fungus toadstool
Animals & Nature	plant-other	🪾	16.0	0	leafless tree	bare barren branches dead drought trunk winter wood
Food & Drink	food-fruit	🍇	0.6	0	grapes	Dionysus fruit grape
Food & Drink	food-fruit	🍈	0.6	0	melon	cantaloupe fruit
Food & Drink	food-fruit	🍉	0.6	0	watermelon	fruit
Food & Drink	food-fruit	🍊	0.6	0	tangerine	c citrus fruit nectarine orange vitamin
Food & Drink	food-fruit	🍋	1.0	0	lemon	citrus fruit sour
Food & Drink	food-fruit	🍋‍🟩	15.1	0	lime	acidity citrus cocktail fruit garnish key margarita mojito refreshing salsa sour tangy tequila tropical zest
Food & Drink	food-fruit	🍌	0.6	0	banana	fruit potassium
Food & Drink	food-fruit	🍍	0.6	0	pineapple	colada fruit pina tropical
Food & Drink	food-fruit	🥭	11.0	0	mango	food fruit tropical
Food & Drink	food-fruit	🍎	0.6	0	red apple	diet food fruit health ripe
Food & Drink	food-fruit	🍏	0.6	0	green apple	fruit
Food & Drink	food-fruit	🍐	1.0	0	pear	fruit
Food & Drink	food-fruit	🍑	0.6	0	peach	fruit
Food & Drink	food-fruit	🍒	0.6	0	cherries	berries cherry fruit red
Food & Drink	food-fruit	🍓	0.6	0	strawberry	berry fruit
Food & Drink	food-fruit	🫐	13.0	0	blueberries	berries berry bilberry blue blueberry food fruit
Food & Drink	food-fruit	🥝	3.0	0	kiwi fruit	food
Food & Drink	food-fruit	🍅	0.6	0	tomato	food fruit vegetable
Food & Drink	food-fruit	🫒	13.0	0	olive	food
Food & Drink	food-fruit	🥥	5.0	0	coconut	colada palm piña
Food & Drink	food-vegetable	🥑	3.0	0	avocado	food fruit
Food & Drink	food-vegetable	🍆	0.6	0	eggplant	aubergine vegetable
Food & Drink	food-vegetable	🥔	3.0	0	potato	food vegetable
Food & Drink	food-vegetable	🥕	3.0	0	carrot	food vegetable
Food & Drink	food-vegetable	🌽	0.6	0	ear of corn	crops farm maize maze
Food & Drink	food-vegetable	🌶️	0.7	0	hot pepper	
Food & Drink	food-vegetable	🫑	13.0	0	bell pepper	capsicum food vegetable
Food & Drink	food-vegetable	🥒	3.0	0	cucumber	food pickle vegetable
Food & Drink	food-vegetable	🫝	18.0	0	pickle	
Food & Drink	food-vegetable	🥬	11.0	0	leafy green	bok burgers cabbage choy kale lettuce salad
Food & Drink	food-vegetable	🥦	5.0	0	broccoli	cabbage wild
Food & Drink	food-vegetable	🧄	12.0	0	garlic	flavoring
Food & Drink	food-vegetable	🧅	12.0	0	onion	flavoring
Food & Drink	food-vegetable	🥜	3.0	0	peanuts	food nut peanut vegetable
Food & Drink	food-vegetable	🫘	14.0	0	beans	food kidney legume small
Food & Drink	food-vegetable	🌰	0.6	0	chestnut	almond plant
Food & Drink	food-vegetable	🫚	15.0	0	ginger root	beer health herb natural spice
Food & Drink	food-vegetable	🫛	15.0	0	pea pod	beans beanstalk edamame legume soybean vegetable veggie
Food & Drink	food-vegetable	🍄‍🟫	15.1	0	brown mushroom	food fungi fungus nature pizza portobello shiitake shroom spore sprout toppings truffle vegetable vegetarian veggie
Food & Drink	food-vegetable	🫜	16.0	0	root vegetable	beet food garden radish salad turnip vegetarian
Food & Drink	food-prepared	🍞	0.6	0	bread	carbs food grain loaf restaurant toast wheat
Food & Drink	food-prepared	🥐	3.0	0	croissant	bread breakfast crescent food french roll
Food & Drink	food-prepared	🥖	3.0	0	baguette bread	food french
Food & Drink	food-prepared	🫓	13.0	0	flatbread	arepa bread food gordita lavash naan pita
Food & Drink	food-prepared	🥨	5.0	0	pretzel	convoluted twisted
Food & Drink	food-prepared	🥯	11.0	0	bagel	bakery bread breakfast schmear
Food & Drink	food-prepared	🥞	3.0	0	pancakes	breakfast crêpe food hotcake pancake
Food & Drink	food-prepared	🧇	12.0	0	waffle	breakfast indecisive iron
Food & Drink	food-prepared	🧀	1.0	0	cheese wedge	
Food & Drink	food-prepared	🍖	0.6	0	meat on bone	
Food & Drink	food-prepared	🍗	0.6	0	poultry leg	bone chicken drumstick hungry turkey
Food & Drink	food-prepared	🥩	5.0	0	cut of meat	chop lambchop porkchop red steak
Food & Drink	food-prepared	🥓	3.0	0	bacon	breakfast food meat
Food & Drink	food-prepared	🍔	0.6	0	hamburger	burger eat fast food hungry
Food & Drink	food-prepared	🍟	0.6	0	french fries	fast food
Food & Drink	food-prepared	🍕	0.6	0	pizza	cheese food hungry pepperoni slice
Food & Drink	food-prepared	🌭	1.0	0	hot dog	frankfurter hotdog sausage
Food & Drink	food-prepared	🥪	5.0	0	sandwich	bread
Food & Drink	food-prepared	🌮	1.0	0	taco	mexican
Food & Drink	food-prepared	🌯	1.0	0	burrito	mexican wrap
Food & Drink	food-prepared	🫔	13.0	0	tamale	food mexican pamonha wrapped
Food & Drink	food-prepared	🥙	3.0	0	stuffed flatbread	falafel food gyro kebab
Food & Drink	food-prepared	🧆	12.0	0	falafel	chickpea meatball
Food & Drink	food-prepared	🥚	3.0	0	egg	breakfast food
Food & Drink	food-prepared	🍳	0.6	0	cooking	breakfast easy egg fry frying over pan restaurant side sunny up
Food & Drink	food-prepared	🥘	3.0	0	shallow pan of food	casserole paella
Food & Drink	food-prepared	🍲	0.6	0	pot of food	soup stew
Food & Drink	food-prepared	🫕	13.0	0	fondue	cheese chocolate food melted pot ski
Food & Drink	food-prepared	🥣	5.0	0	bowl with spoon	breakfast cereal congee oatmeal porridge
Food & Drink	food-prepared	🥗	3.0	0	green salad	food
Food & Drink	food-prepared	🍿	1.0	0	popcorn	corn movie pop
Food & Drink	food-prepared	🧈	12.0	0	butter	dairy
Food & Drink	food-prepared	🧂	11.0	0	salt	condiment flavor mad salty shaker taste upset
Food & Drink	food-prepared	🥫	5.0	0	canned food	can
Food & Drink	food-asian	🍱	0.6	0	bento box	food
Food & Drink	food-asian	🍘	0.6	0	rice cracker	food
Food & Drink	food-asian	🍙	0.6	0	rice ball	food Japanese
Food & Drink	food-asian	🍚	0.6	0	cooked rice	food
Food & Drink	food-asian	🍛	0.6	0	curry rice	food
Food & Drink	food-asian	🍜	0.6	0	steaming bowl	chopsticks food noodle pho ramen soup
Food & Drink	food-asian	🍝	0.6	0	spaghetti	food meatballs pasta restaurant
Food & Drink	food-asian	🍠	0.6	0	roasted sweet potato	food
Food & Drink	food-asian	🍢	0.6	0	oden	food kebab restaurant seafood skewer stick
Food & Drink	food-asian	🍣	0.6	0	sushi	food
Food & Drink	food-asian	🍤	0.6	0	fried shrimp	prawn tempura
Food & Drink	food-asian	🍥	0.6	0	fish cake with swirl	food pastry restaurant
Food & Drink	food-asian	🥮	11.0	0	moon cake	autumn festival yuèbǐng
Food & Drink	food-asian	🍡	0.6	0	dango	dessert Japanese skewer stick sweet
Food & Drink	food-asian	🥟	5.0	0	dumpling	empanada gyōza jiaozi pierogi potsticker
Food & Drink	food-asian	🥠	5.0	0	fortune cookie	prophecy
Food & Drink	food-asian	🥡	5.0	0	takeout box	chopsticks delivery food oyster pail
Food & Drink	food-sweet	🍦	0.6	0	soft ice cream	dessert food icecream restaurant serve sweet
Food & Drink	food-sweet	🍧	0.6	0	shaved ice	dessert restaurant sweet
Food & Drink	food-sweet	🍨	0.6	0	ice cream	dessert food restaurant sweet
Food & Drink	food-sweet	🍩	0.6	0	doughnut	breakfast dessert donut food sweet
Food & Drink	food-sweet	🍪	0.6	0	cookie	chip chocolate dessert sweet
Food & Drink	food-sweet	🎂	0.6	0	birthday cake	bday celebration dessert happy pastry sweet
Food & Drink	food-sweet	🍰	0.6	0	shortcake	cake dessert pastry slice sweet
Food & Drink	food-sweet	🧁	11.0	0	cupcake	bakery dessert sprinkles sugar sweet treat
Food & Drink	food-sweet	🥧	5.0	0	pie	apple filling fruit meat pastry pumpkin slice
Food & Drink	food-sweet	🍫	0.6	0	chocolate bar	candy dessert halloween sweet tooth
Food & Drink	food-sweet	🍬	0.6	0	candy	cavities dessert halloween restaurant sweet tooth wrapper
Food & Drink	food-sweet	🍭	0.6	0	lollipop	candy dessert food restaurant sweet
Food & Drink	food-sweet	🍮	0.6	0	custard	dessert pudding sweet
Food & Drink	food-sweet	🍯	0.6	0	honey pot	barrel bear food honeypot jar sweet
Food & Drink	drink	🍼	1.0	0	baby bottle	babies birth born drink infant milk newborn
Food & Drink	drink	🥛	3.0	0	glass of milk	drink
Food & Drink	drink	☕	0.6	0	hot beverage	cafe caffeine chai coffee drink morning steaming tea
Food & Drink	drink	🫖	13.0	0	teapot	brew drink food pot tea
Food & Drink	drink	🍵	0.6	0	teacup without handle	beverage cup drink oolong tea
Food & Drink	drink	🍶	0.6	0	sake	bar beverage bottle cup drink restaurant
Food & Drink	drink	🍾	1.0	0	bottle with popping cork	bar drink
Food & Drink	drink	🍷	0.6	0	wine glass	alcohol bar beverage booze club drink drinking drinks restaurant
Food & Drink	drink	🍸	0.6	0	cocktail glass	alcohol bar booze club drink drinking drinks mad martini men
Food & Drink	drink	🍹	0.6	0	tropical drink	alcohol bar booze club cocktail drinking drinks drunk mai party tai tropics
Food & Drink	drink	🍺	0.6	0	beer mug	alcohol ale bar booze drink drinking drinks octoberfest oktoberfest pint stein summer
Food & Drink	drink	🍻	0.6	0	clinking beer mugs	alcohol bar booze bottoms cheers clink drinking drinks
Food & Drink	drink	🥂	3.0	0	clinking glasses	celebrate clink drink glass
Food & Drink	drink	🥃	3.0	0	tumbler glass	liquor scotch shot whiskey whisky
Food & Drink	drink	🫗	14.0	0	pouring liquid	accident drink empty glass oops pour spill water
Food & Drink	drink	🥤	5.0	0	cup with straw	drink juice malt soda soft water
Food & Drink	drink	🧋	13.0	0	bubble tea	boba food milk pearl
Food & Drink	drink	🧃	12.0	0	beverage box	juice straw sweet
Food & Drink	drink	🧉	12.0	0	mate	drink
Food & Drink	drink	🧊	12.0	0	ice	cold cube iceberg
Food & Drink	dishware	🥢	5.0	0	chopsticks	hashi jeotgarak kuaizi
Food & Drink	dishware	🍽️	0.7	0	fork and knife with plate	cooking dinner eat
Food & Drink	dishware	🍴	0.6	0	fork and knife	breakfast breaky cooking cutlery delicious dinner eat feed food hungry lunch restaurant yum yummy
Food & Drink	dishware	🥄	3.0	0	spoon	eat tableware
Food & Drink	dishware	🔪	0.6	0	kitchen knife	chef cooking hocho tool weapon
Food & Drink	dishware	🫙	14.0	0	jar	condiment container empty nothing sauce store
Food & Drink	dishware	🏺	1.0	0	amphora	Aquarius cooking drink jug tool weapon zodiac
Travel & Places	place-map	🌍	0.7	0	globe showing Europe-Africa	Africa earth Europe world
Travel & Places	place-map	🌎	0.7	0	globe showing Americas	earth world
Travel & Places	place-map	🌏	0.6	0	globe showing Asia-Australia	Asia Australia earth world
Travel & Places	place-map	🌐	1.0	0	globe with meridians	earth internet web world worldwide
Travel & Places	place-map	🗺️	0.7	0	world map	
Travel & Places	place-map	🗾	0.6	0	map of Japan	
Travel & Places	place-map	🧭	11.0	0	compass	direction magnetic navigation orienteering
Travel & Places	place-geographic	🏔️	0.7	0	snow-capped mountain	cold snow
Travel & Places	place-geographic	⛰️	0.7	0	mountain	
Travel & Places	place-geographic	🛘	17.0	0	landslide	avalanche danger disaster earthquake mountain mudslide rocks
Travel & Places	place-geographic	🌋	0.6	0	volcano	eruption mountain nature
Travel & Places	place-geographic	🗻	0.6	0	mount fuji	mountain nature
Travel & Places	place-geographic	🏕️	0.7	0	camping	
Travel & Places	place-geographic	🏖️	0.7	0	beach with umbrella	
Travel & Places	place-geographic	🏜️	0.7	0	desert	
Travel & Places	place-geographic	🏝️	0.7	0	desert island	
Travel & Places	place-geographic	🏞️	0.7	0	national park	
Travel & Places	place-building	🏟️	0.7	0	stadium	
Travel & Places	place-building	🏛️	0.7	0	classical building	
Travel & Places	place-building	🏗️	0.7	0	building construction	crane
Travel & Places	place-building	🧱	11.0	0	brick	bricks clay mortar wall
Travel & Places	place-building	🪨	13.0	0	rock	boulder heavy solid stone tough
Travel & Places	place-building	🪵	13.0	0	wood	log lumber timber
Travel & Places	place-building	🛖	13.0	0	hut	home house roundhouse shelter yurt
Travel & Places	place-building	🏘️	0.7	0	houses	house
Travel & Places	place-building	🏚️	0.7	0	derelict house	home
Travel & Places	place-building	🏠	0.6	0	house	building country heart home ranch settle simple suburban suburbia where
Travel & Places	place-building	🏡	0.6	0	house with garden	building country heart home ranch settle simple suburban suburbia where
Travel & Places	place-building	🏢	0.6	0	office building	city cubical job
Travel & Places	place-building	🏣	0.6	0	Japanese post office	building
Travel & Places	place-building	🏤	1.0	0	post office	building European
Travel & Places	place-building	🏥	0.6	0	hospital	building doctor medicine
Travel & Places	place-building	🏦	0.6	0	bank	building
Travel & Places	place-building	🏨	0.6	0	hotel	building
Travel & Places	place-building	🏩	0.6	0	love hotel	building
Travel & Places	place-building	🏪	0.6	0	convenience store	24 building hours
Travel & Places	place-building	🏫	0.6	0	school	building
Travel & Places	place-building	🏬	0.6	0	department store	building
Travel & Places	place-building	🏭	0.6	0	factory	building
Travel & Places	place-building	🏯	0.6	0	Japanese castle	building
Travel & Places	place-building	🏰	0.6	0	castle	building European
Travel & Places	place-building	💒	0.6	0	wedding	chapel hitched nuptials romance
Travel & Places	place-building	🗼	0.6	0	Tokyo tower	
Travel & Places	place-building	🗽	0.6	0	Statue of Liberty	new ny nyc york
Travel & Places	place-religious	⛪	0.6	0	church	bless chapel Christian cross religion
Travel & Places	place-religious	🕌	1.0	0	mosque	islam masjid Muslim religion
Travel & Places	place-religious	🛕	12.0	0	hindu temple	
Travel & Places	place-religious	🕍	1.0	0	synagogue	Jew Jewish judaism religion temple
Travel & Places	place-religious	⛩️	0.7	0	shinto shrine	religion
Travel & Places	place-religious	🕋	1.0	0	kaaba	hajj islam Muslim religion umrah
Travel & Places	place-other	⛲	0.6	0	fountain	
Travel & Places	place-other	⛺	0.6	0	tent	camping
Travel & Places	place-other	🌁	0.6	0	foggy	fog
Travel & Places	place-other	🌃	0.6	0	night with stars	star
Travel & Places	place-other	🏙️	0.7	0	cityscape	city
Travel & Places	place-other	🌄	0.6	0	sunrise over mountains	morning sun
Travel & Places	place-other	🌅	0.6	0	sunrise	morning nature sun
Travel & Places	place-other	🌆	0.6	0	cityscape at dusk	building city evening landscape sun sunset
Travel & Places	place-other	🌇	0.6	0	sunset	building dusk sun
Travel & Places	place-other	🌉	0.6	0	bridge at night	
Travel & Places	place-other	♨️	0.6	0	hot springs	hotsprings steaming
Travel & Places	place-other	🎠	0.6	0	carousel horse	entertainment
Travel & Places	place-other	🛝	14.0	0	playground slide	amusement park play playing sliding theme
Travel & Places	place-other	🎡	0.6	0	ferris wheel	amusement park theme
Travel & Places	place-other	🎢	0.6	0	roller coaster	amusement park theme
Travel & Places	place-other	💈	0.6	0	barber pole	cut fresh haircut shave
Travel & Places	place-other	🎪	0.6	0	circus tent	
Travel & Places	transport-ground	🚂	1.0	0	locomotive	caboose engine railway steam train trains travel
Travel & Places	transport-ground	🚃	0.6	0	railway car	electric train tram travel trolleybus
Travel & Places	transport-ground	🚄	0.6	0	high-speed train	railway shinkansen speed
Travel & Places	transport-ground	🚅	0.6	0	bullet train	high-speed nose railway shinkansen speed travel
Travel & Places	transport-ground	🚆	1.0	0	train	arrived choo railway
Travel & Places	transport-ground	🚇	0.6	0	metro	subway travel
Travel & Places	transport-ground	🚈	1.0	0	light rail	arrived monorail railway
Travel & Places	transport-ground	🚉	0.6	0	station	railway train
Travel & Places	transport-ground	🚊	1.0	0	tram	trolleybus
Travel & Places	transport-ground	🚝	1.0	0	monorail	vehicle
Travel & Places	transport-ground	🚞	1.0	0	mountain railway	car trip
Travel & Places	transport-ground	🚋	1.0	0	tram car	bus trolley trolleybus
Travel & Places	transport-ground	🚌	0.6	0	bus	school vehicle
Travel & Places	transport-ground	🚍	0.7	0	oncoming bus	cars
Travel & Places	transport-ground	🚎	1.0	0	trolleybus	bus tram trolley
Travel & Places	transport-ground	🚐	1.0	0	minibus	bus drive van vehicle
Travel & Places	transport-ground	🚑	0.6	0	ambulance	emergency vehicle
Travel & Places	transport-ground	🚒	0.6	0	fire engine	truck
Travel & Places	transport-ground	🚓	0.6	0	police car	5–0 cops patrol
Travel & Places	transport-ground	🚔	0.7	0	oncoming police car	
Travel & Places	transport-ground	🚕	0.6	0	taxi	cab cabbie car drive vehicle yellow
Travel & Places	transport-ground	🚖	1.0	0	oncoming taxi	cab cabbie cars drove hail yellow
Travel & Places	transport-ground	🚗	0.6	0	automobile	car driving vehicle
Travel & Places	transport-ground	🚘	0.7	0	oncoming automobile	car cars drove vehicle
Travel & Places	transport-ground	🚙	0.6	0	sport utility vehicle	car drive recreational sportutility
Travel & Places	transport-ground	🛻	13.0	0	pickup truck	automobile car flatbed pick-up transportation
Travel & Places	transport-ground	🚚	0.6	0	delivery truck	car drive vehicle
Travel & Places	transport-ground	🚛	1.0	0	articulated lorry	car drive move semi truck vehicle
Travel & Places	transport-ground	🚜	1.0	0	tractor	vehicle
Travel & Places	transport-ground	🏎️	0.7	0	racing car	zoom
Travel & Places	transport-ground	🏍️	0.7	0	motorcycle	racing
Travel & Places	transport-ground	🛵	3.0	0	motor scooter	
Travel & Places	transport-ground	🦽	12.0	0	manual wheelchair	accessibility
Travel & Places	transport-ground	🦼	12.0	0	motorized wheelchair	accessibility
Travel & Places	transport-ground	🛺	12.0	0	auto rickshaw	tuk
Travel & Places	transport-ground	🚲	0.6	0	bicycle	bike class cycle cycling cyclist gang ride spin spinning
Travel & Places	transport-ground	🛴	3.0	0	kick scooter	
Travel & Places	transport-ground	🛹	11.0	0	skateboard	board skate skater wheels
Travel & Places	transport-ground	🛼	13.0	0	roller skate	blades skates sport
Travel & Places	transport-ground	🚏	0.6	0	bus stop	busstop
Travel & Places	transport-ground	🛣️	0.7	0	motorway	highway road
Travel & Places	transport-ground	🛤️	0.7	0	railway track	train
Travel & Places	transport-ground	🛢️	0.7	0	oil drum	
Travel & Places	transport-ground	⛽	0.6	0	fuel pump	diesel fuelpump gas gasoline station
Travel & Places	transport-ground	🛞	14.0	0	wheel	car circle tire turn vehicle
Travel & Places	transport-ground	🚨	0.6	0	police car light	alarm alert beacon emergency revolving siren
Travel & Places	transport-ground	🚥	0.6	0	horizontal traffic light	intersection signal stop stoplight
Travel & Places	transport-ground	🚦	1.0	0	vertical traffic light	drove intersection signal stop stoplight
Travel & Places	transport-ground	🛑	3.0	0	stop sign	octagonal
Travel & Places	transport-ground	🚧	0.6	0	construction	barrier
Travel & Places	transport-water	🛙	18.0	0	lighthouse	
Travel & Places	transport-water	⚓	0.6	0	anchor	ship tool
Travel & Places	transport-water	🛟	14.0	0	ring buoy	float life lifesaver preserver rescue safety save saver swim
Travel & Places	transport-water	⛵	0.6	0	sailboat	boat resort sailing sea yacht
Travel & Places	transport-water	🛶	3.0	0	canoe	boat
Travel & Places	transport-water	🚤	0.6	0	speedboat	billionaire boat lake luxury millionaire summer travel
Travel & Places	transport-water	🛳️	0.7	0	passenger ship	
Travel & Places	transport-water	⛴️	0.7	0	ferry	boat passenger
Travel & Places	transport-water	🛥️	0.7	0	motor boat	motorboat
Travel & Places	transport-water	🚢	0.6	0	ship	boat passenger travel
Travel & Places	transport-air	✈️	0.6	0	airplane	aeroplane fly flying jet plane travel
Travel & Places	transport-air	🛩️	0.7	0	small airplane	aeroplane plane
Travel & Places	transport-air	🛫	1.0	0	airplane departure	aeroplane check-in departures plane
Travel & Places	transport-air	🛬	1.0	0	airplane arrival	aeroplane arrivals arriving landing plane
Travel & Places	transport-air	🪂	12.0	0	parachute	hang-glide parasail skydive
Travel & Places	transport-air	💺	0.6	0	seat	chair
Travel & Places	transport-air	🚁	1.0	0	helicopter	copter roflcopter travel vehicle
Travel & Places	transport-air	🚟	1.0	0	suspension railway	
Travel & Places	transport-air	🚠	1.0	0	mountain cableway	cable gondola lift ski
Travel & Places	transport-air	🚡	1.0	0	aerial tramway	cable car gondola ropeway
Travel & Places	transport-air	🛰️	0.7	0	satellite	space
Travel & Places	transport-air	🚀	0.6	0	rocket	launch rockets space travel
Travel & Places	transport-air	🛸	5.0	0	flying saucer	aliens extra terrestrial UFO
Travel & Places	hotel	🛎️	0.7	0	bellhop bell	hotel
Travel & Places	hotel	🧳	11.0	0	luggage	bag packing roller suitcase travel
Travel & Places	time	⌛	0.6	0	hourglass done	sand time timer
Travel & Places	time	⏳	0.6	0	hourglass not done	flowing hours sand timer waiting yolo
Travel & Places	time	⌚	0.6	0	watch	clock time
Travel & Places	time	⏰	0.6	0	alarm clock	hours hrs late time waiting
Travel & Places	time	⏱️	1.0	0	stopwatch	clock time
Travel & Places	time	⏲️	1.0	0	timer clock	
Travel & Places	time	🕰️	0.7	0	mantelpiece clock	time
Travel & Places	time	🕛	0.6	0	twelve o’clock	12 12:00 clock time
Travel & Places	time	🕧	0.7	0	twelve-thirty	12 12:30 30 clock thirty time twelve
Travel & Places	time	🕐	0.6	0	one o’clock	1 1:00 clock time
Travel & Places	time	🕜	0.7	0	one-thirty	1 1:30 30 clock one thirty time
Travel & Places	time	🕑	0.6	0	two o’clock	2 2:00 clock time
Travel & Places	time	🕝	0.7	0	two-thirty	2 2:30 30 clock thirty time two
Travel & Places	time	🕒	0.6	0	three o’clock	3 3:00 clock time
Travel & Places	time	🕞	0.7	0	three-thirty	3 3:30 30 clock thirty three time
Travel & Places	time	🕓	0.6	0	four o’clock	4 4:00 clock time
Travel & Places	time	🕟	0.7	0	four-thirty	30 4 4:30 clock four thirty time
Travel & Places	time	🕔	0.6	0	five o’clock	5 5:00 clock time
Travel & Places	time	🕠	0.7	0	five-thirty	30 5 5:30 clock five thirty time
Travel & Places	time	🕕	0.6	0	six o’clock	6 6:00 clock time
Travel & Places	time	🕡	0.7	0	six-thirty	30 6 6:30 clock six thirty
Travel & Places	time	🕖	0.6	0	seven o’clock	0 7 7:00 clock
Travel & Places	time	🕢	0.7	0	seven-thirty	30 7 7:30 clock seven thirty
Travel & Places	time	🕗	0.6	0	eight o’clock	8 8:00 clock time
Travel & Places	time	🕣	0.7	0	eight-thirty	30 8 8:30 clock eight thirty time
Travel & Places	time	🕘	0.6	0	nine o’clock	9 9:00 clock time
Travel & Places	time	🕤	0.7	0	nine-thirty	30 9 9:30 clock nine thirty time
Travel & Places	time	🕙	0.6	0	ten o’clock	0 10 10:00 clock
Travel & Places	time	🕥	0.7	0	ten-thirty	10 10:30 30 clock ten thirty time
Travel & Places	time	🕚	0.6	0	eleven o’clock	11 11:00 clock time
Travel & Places	time	🕦	0.7	0	eleven-thirty	11 11:30 30 clock eleven thirty time
Travel & Places	sky & weather	🌑	0.6	0	new moon	dark space
Travel & Places	sky & weather	🌒	1.0	0	waxing crescent moon	dreams space
Travel & Places	sky & weather	🌓	0.6	0	first quarter moon	space
Travel & Places	sky & weather	🌔	0.6	0	waxing gibbous moon	space
Travel & Places	sky & weather	🌕	0.6	0	full moon	space
Travel & Places	sky & weather	🌖	1.0	0	waning gibbous moon	space
Travel & Places	sky & weather	🌗	1.0	0	last quarter moon	space
Travel & Places	sky & weather	🌘	1.0	0	waning crescent moon	space
Travel & Places	sky & weather	🌙	0.6	0	crescent moon	ramadan space
Travel & Places	sky & weather	🌚	1.0	0	new moon face	space
Travel & Places	sky & weather	🌛	0.6	0	first quarter moon face	space
Travel & Places	sky & weather	🌜	0.7	0	last quarter moon face	dreams
Travel & Places	sky & weather	🌡️	0.7	0	thermometer	weather
Travel & Places	sky & weather	☀️	0.6	0	sun	bright rays space sunny weather
Travel & Places	sky & weather	🌝	1.0	0	full moon face	bright
Travel & Places	sky & weather	🌞	1.0	0	sun with face	beach bright day heat shine sunny sunshine weather
Travel & Places	sky & weather	🪐	12.0	0	ringed planet	saturn saturnine
Travel & Places	sky & weather	⭐	0.6	0	star	astronomy medium stars white
Travel & Places	sky & weather	🌟	0.6	0	glowing star	glittery glow night shining sparkle win
Travel & Places	sky & weather	🌠	0.6	0	shooting star	falling night space
Travel & Places	sky & weather	🌌	0.6	0	milky way	space
Travel & Places	sky & weather	☁️	0.6	0	cloud	weather
Travel & Places	sky & weather	⛅	0.6	0	sun behind cloud	cloudy weather
Travel & Places	sky & weather	⛈️	0.7	0	cloud with lightning and rain	thunder thunderstorm
Travel & Places	sky & weather	🌤️	0.7	0	sun behind small cloud	weather
Travel & Places	sky & weather	🌥️	0.7	0	sun behind large cloud	weather
Travel & Places	sky & weather	🌦️	0.7	0	sun behind rain cloud	weather
Travel & Places	sky & weather	🌧️	0.7	0	cloud with rain	weather
Travel & Places	sky & weather	🌨️	0.7	0	cloud with snow	cold weather
Travel & Places	sky & weather	🌩️	0.7	0	cloud with lightning	weather
Travel & Places	sky & weather	🌪️	0.7	0	tornado	cloud weather whirlwind
Travel & Places	sky & weather	🌫️	0.7	0	fog	cloud weather
Travel & Places	sky & weather	🌬️	0.7	0	wind face	blow cloud
Travel & Places	sky & weather	🌀	0.6	0	cyclone	dizzy hurricane twister typhoon weather
Travel & Places	sky & weather	🌈	0.6	0	rainbow	gay genderqueer glbt glbtq lesbian lgbt lgbtq lgbtqia nature pride queer rain trans transgender weather
Travel & Places	sky & weather	🌂	0.6	0	closed umbrella	clothing rain
Travel & Places	sky & weather	☂️	0.7	0	umbrella	clothing rain
Travel & Places	sky & weather	☔	0.6	0	umbrella with rain drops	clothing drop weather
Travel & Places	sky & weather	⛱️	0.7	0	umbrella on ground	rain sun
Travel & Places	sky & weather	⚡	0.6	0	high voltage	danger electric electricity lightning nature thunder thunderbolt zap
Travel & Places	sky & weather	❄️	0.6	0	snowflake	cold snow weather
Travel & Places	sky & weather	☃️	0.7	0	snowman	cold man snow
Travel & Places	sky & weather	⛄	0.6	0	snowman without snow	cold man
Travel & Places	sky & weather	☄️	1.0	0	comet	space
Travel & Places	sky & weather	🪋	18.0	0	meteor	
Travel & Places	sky & weather	🔥	0.6	0	fire	af burn flame hot lit litaf tool
Travel & Places	sky & weather	💧	0.6	0	droplet	cold comic drop nature sad sweat tear water weather
Travel & Places	sky & weather	🌊	0.6	0	water wave	nature ocean surf surfer surfing
Activities	event	🎃	0.6	0	jack-o-lantern	celebration halloween jack lantern pumpkin
Activities	event	🎄	0.6	0	Christmas tree	celebration
Activities	event	🎆	0.6	0	fireworks	boom celebration entertainment yolo
Activities	event	🎇	0.6	0	sparkler	boom celebration fireworks sparkle
Activities	event	🧨	11.0	0	firecracker	dynamite explosive fire fireworks light pop popping spark
Activities	event	✨	0.6	0	sparkles	* magic sparkle star
Activities	event	🎈	0.6	0	balloon	birthday celebrate celebration
Activities	event	🎉	0.6	0	party popper	awesome birthday celebrate celebration excited hooray tada woohoo
Activities	event	🎊	0.6	0	confetti ball	celebrate celebration party woohoo
Activities	event	🎋	0.6	0	tanabata tree	banner celebration Japanese
Activities	event	🎍	0.6	0	pine decoration	bamboo celebration Japanese plant
Activities	event	🎎	0.6	0	Japanese dolls	celebration doll festival
Activities	event	🎏	0.6	0	carp streamer	celebration
Activities	event	🎐	0.6	0	wind chime	bell celebration
Activities	event	🎑	0.6	0	moon viewing ceremony	celebration
Activities	event	🧧	11.0	0	red envelope	gift good hóngbāo lai luck money see
Activities	event	🎀	0.6	0	ribbon	celebration
Activities	event	🎁	0.6	0	wrapped gift	birthday bow box celebration christmas present surprise
Activities	event	🎗️	0.7	0	reminder ribbon	celebration
Activities	event	🎟️	0.7	0	admission tickets	ticket
Activities	event	🎫	0.6	0	ticket	admission stub
Activities	award-medal	🎖️	0.7	0	military medal	award celebration
Activities	award-medal	🏆	0.6	0	trophy	champion champs prize slay sport victory win winning
Activities	award-medal	🏅	1.0	0	sports medal	award gold winner
Activities	award-medal	🥇	3.0	0	1st place medal	first gold
Activities	award-medal	🥈	3.0	0	2nd place medal	second silver
Activities	award-medal	🥉	3.0	0	3rd place medal	bronze third
Activities	sport	⚽	0.6	0	soccer ball	football futbol sport
Activities	sport	⚾	0.6	0	baseball	ball sport
Activities	sport	🥎	11.0	0	softball	ball glove sports underarm
Activities	sport	🏀	0.6	0	basketball	ball hoop sport
Activities	sport	🏐	1.0	0	volleyball	ball game
Activities	sport	🏈	0.6	0	american football	ball bowl sport super
Activities	sport	🏉	1.0	0	rugby football	ball sport
Activities	sport	🎾	0.6	0	tennis	ball racquet sport
Activities	sport	🥏	11.0	0	flying disc	ultimate
Activities	sport	🎳	0.6	0	bowling	ball game sport strike
Activities	sport	🏏	1.0	0	cricket game	ball bat
Activities	sport	🏑	1.0	0	field hockey	ball game stick
Activities	sport	🏒	1.0	0	ice hockey	game puck stick
Activities	sport	🥍	11.0	0	lacrosse	ball goal sports stick
Activities	sport	🏓	1.0	0	ping pong	ball bat game paddle pingpong table tennis
Activities	sport	🏸	1.0	0	badminton	birdie game racquet shuttlecock
Activities	sport	🥊	3.0	0	boxing glove	
Activities	sport	🥋	3.0	0	martial arts uniform	judo karate taekwondo
Activities	sport	🥅	3.0	0	goal net	
Activities	sport	⛳	0.6	0	flag in hole	golf sport
Activities	sport	⛸️	0.7	0	ice skate	skating
Activities	sport	🎣	0.6	0	fishing pole	entertainment fish sport
Activities	sport	🤿	12.0	0	diving mask	scuba snorkeling
Activities	sport	🎽	0.6	0	running shirt	athletics sash
Activities	sport	🎿	0.6	0	skis	ski snow sport
Activities	sport	🛷	5.0	0	sled	luge sledge sleigh snow toboggan
Activities	sport	🥌	5.0	0	curling stone	game rock
Activities	game	🎯	0.6	0	bullseye	bull dart direct entertainment game hit target
Activities	game	🪀	12.0	0	yo-yo	fluctuate toy
Activities	game	🪁	12.0	0	kite	fly soar
Activities	game	🔫	0.6	0	water pistol	gun handgun revolver tool weapon
Activities	game	🎱	0.6	0	pool 8 ball	8ball billiard eight game
Activities	game	🔮	0.6	0	crystal ball	fairy fairytale fantasy fortune future magic tale tool
Activities	game	🪄	13.0	0	magic wand	magician witch wizard
Activities	game	🎮	0.6	0	video game	controller entertainment
Activities	game	🕹️	0.7	0	joystick	game video videogame
Activities	game	🎰	0.6	0	slot machine	casino gamble gambling game slots
Activities	game	🎲	0.6	0	game die	dice entertainment
Activities	game	🧩	11.0	0	puzzle piece	clue interlocking jigsaw
Activities	game	🧸	11.0	0	teddy bear	plaything plush stuffed toy
Activities	game	🪅	13.0	0	piñata	candy celebrate celebration cinco de festive mayo party pinada pinata
Activities	game	🪩	14.0	0	mirror ball	dance disco glitter party
Activities	game	🪆	13.0	0	nesting dolls	babooshka baboushka babushka doll matryoshka russia
Activities	game	♠️	0.6	0	spade suit	card game
Activities	game	♥️	0.6	0	heart suit	card emotion game hearts
Activities	game	♦️	0.6	0	diamond suit	card game
Activities	game	♣️	0.6	0	club suit	card clubs game
Activities	game	♟️	11.0	0	chess pawn	dupe expendable
Activities	game	🃏	0.6	0	joker	card game wildcard
Activities	game	🀄	0.6	0	mahjong red dragon	game
Activities	game	🎴	0.6	0	flower playing cards	card game Japanese
Activities	arts & crafts	🎭	0.6	0	performing arts	actor actress art entertainment mask theater theatre thespian
Activities	arts & crafts	🖼️	0.7	0	framed picture	art frame museum painting
Activities	arts & crafts	🎨	0.6	0	artist palette	art artsy arty colorful creative entertainment museum painter painting
Activities	arts & crafts	🧵	11.0	0	thread	needle sewing spool string
Activities	arts & crafts	🪡	13.0	0	sewing needle	embroidery sew stitches sutures tailoring thread
Activities	arts & crafts	🧶	11.0	0	yarn	ball crochet knit
Activities	arts & crafts	🪢	13.0	0	knot	cord rope tangled tie twine twist
Objects	clothing	👓	0.6	0	glasses	clothing eye eyeglasses eyewear
Objects	clothing	🕶️	0.7	0	sunglasses	dark eye eyewear glasses
Objects	clothing	🥽	11.0	0	goggles	dive eye protection scuba swimming welding
Objects	clothing	🥼	11.0	0	lab coat	clothes doctor dr experiment jacket scientist white
Objects	clothing	🦺	12.0	0	safety vest	emergency
Objects	clothing	👔	0.6	0	necktie	clothing employed serious shirt tie
Objects	clothing	👕	0.6	0	t-shirt	blue casual clothes clothing collar dressed shirt shopping tshirt weekend
Objects	clothing	👖	0.6	0	jeans	blue casual clothes clothing denim dressed pants shopping trousers weekend
Objects	clothing	🧣	5.0	0	scarf	bundle cold neck up
Objects	clothing	🧤	5.0	0	gloves	hand
Objects	clothing	🧥	5.0	0	coat	brr bundle cold jacket up
Objects	clothing	🧦	5.0	0	socks	stocking
Objects	clothing	👗	0.6	0	dress	clothes clothing dressed fancy shopping
Objects	clothing	👘	0.6	0	kimono	clothing comfortable
Objects	clothing	🥻	12.0	0	sari	clothing dress
Objects	clothing	🩱	12.0	0	one-piece swimsuit	bathing suit
Objects	clothing	🩲	12.0	0	briefs	bathing one-piece suit swimsuit underwear
Objects	clothing	🩳	12.0	0	shorts	bathing pants suit swimsuit underwear
Objects	clothing	👙	0.6	0	bikini	bathing beach clothing pool suit swim
Objects	clothing	👚	0.6	0	woman’s clothes	blouse clothing collar dress dressed lady shirt shopping woman
Objects	clothing	🪭	15.0	0	folding hand fan	clack clap cool cooling dance flirt flutter hot shy
Objects	clothing	👛	0.6	0	purse	clothes clothing coin dress fancy handbag shopping
Objects	clothing	👜	0.6	0	handbag	bag clothes clothing dress lady purse shopping
Objects	clothing	👝	0.6	0	clutch bag	clothes clothing dress handbag pouch purse
Objects	clothing	🛍️	0.7	0	shopping bags	bag hotel
Objects	clothing	🎒	0.6	0	backpack	backpacking bag bookbag education rucksack satchel school
Objects	clothing	🩴	13.0	0	thong sandal	beach flip flop sandals shoe thongs zōri
Objects	clothing	👞	0.6	0	man’s shoe	brown clothes clothing feet foot kick man shoes shopping
Objects	clothing	👟	0.6	0	running shoe	athletic clothes clothing fast kick shoes shopping sneaker tennis
Objects	clothing	🥾	11.0	0	hiking boot	backpacking brown camping outdoors shoe
Objects	clothing	🥿	11.0	0	flat shoe	ballet comfy flats slip-on slipper
Objects	clothing	👠	0.6	0	high-heeled shoe	clothes clothing dress fashion heel heels shoes shopping stiletto woman
Objects	clothing	👡	0.6	0	woman’s sandal	clothing shoe woman
Objects	clothing	🩰	12.0	0	ballet shoes	dance
Objects	clothing	👢	0.6	0	woman’s boot	clothes clothing dress shoe shoes shopping woman
Objects	clothing	🪮	15.0	0	hair pick	Afro comb groom
Objects	clothing	👑	0.6	0	crown	clothing family king medieval queen royal royalty win
Objects	clothing	👒	0.6	0	woman’s hat	clothes clothing garden hats party woman
Objects	clothing	🎩	0.6	0	top hat	clothes clothing fancy formal magic tophat
Objects	clothing	🎓	0.6	0	graduation cap	celebration clothing education hat scholar
Objects	clothing	🧢	5.0	0	billed cap	baseball bent dad hat
Objects	clothing	🪖	13.0	0	military helmet	army soldier war warrior
Objects	clothing	⛑️	0.7	0	rescue worker’s helmet	aid cross face hat
Objects	clothing	📿	1.0	0	prayer beads	clothing necklace religion
Objects	clothing	💄	0.6	0	lipstick	cosmetics date makeup
Objects	clothing	💍	0.6	0	ring	diamond engaged engagement married romance shiny sparkling wedding
Objects	clothing	💎	0.6	0	gem stone	diamond engagement jewel money romance wedding
Objects	sound	🔇	1.0	0	muted speaker	mute quiet silent sound
Objects	sound	🔈	0.7	0	speaker low volume	soft sound
Objects	sound	🔉	1.0	0	speaker medium volume	sound
Objects	sound	🔊	0.6	0	speaker high volume	loud music sound
Objects	sound	📢	0.6	0	loudspeaker	address communication loud public sound
Objects	sound	📣	0.6	0	megaphone	cheering sound
Objects	sound	📯	1.0	0	postal horn	post
Objects	sound	🔔	0.6	0	bell	break church sound
Objects	sound	🔕	1.0	0	bell with slash	forbidden mute no not prohibited quiet silent sound
Objects	music	🎼	0.6	0	musical score	music note
Objects	music	🎵	0.6	0	musical note	music sound
Objects	music	🎶	0.6	0	musical notes	music note sound
Objects	music	🎙️	0.7	0	studio microphone	mic music
Objects	music	🎚️	0.7	0	level slider	music
Objects	music	🎛️	0.7	0	control knobs	music
Objects	music	🎤	0.6	0	microphone	karaoke mic music sing sound
Objects	music	🎧	0.6	0	headphone	earbud sound
Objects	music	📻	0.6	0	radio	entertainment tbt video
Objects	musical-instrument	🎷	0.6	0	saxophone	instrument music sax
Objects	musical-instrument	🎺	0.6	0	trumpet	instrument music
Objects	musical-instrument	🪊	17.0	0	trombone	brass instrument jazz music sad slide
Objects	musical-instrument	🪗	13.0	0	accordion	box concertina instrument music squeeze squeezebox
Objects	musical-instrument	🎸	0.6	0	guitar	instrument music strat
Objects	musical-instrument	🎹	0.6	0	musical keyboard	instrument music piano
Objects	musical-instrument	🎻	0.6	0	violin	instrument music
Objects	musical-instrument	🪕	12.0	0	banjo	music stringed
Objects	musical-instrument	🥁	3.0	0	drum	drumsticks music
Objects	musical-instrument	🪘	13.0	0	long drum	beat conga instrument rhythm
Objects	musical-instrument	🪇	15.0	0	maracas	cha dance instrument music party percussion rattle shake shaker
Objects	musical-instrument	🪈	15.0	0	flute	band fife flautist instrument marching music orchestra piccolo pipe recorder woodwind
Objects	musical-instrument	🪉	16.0	0	harp	cupid instrument love music orchestra
Objects	phone	📱	0.6	0	mobile phone	cell communication telephone
Objects	phone	📲	0.6	0	mobile phone with arrow	build call cell communication receive telephone
Objects	phone	☎️	0.6	0	telephone	phone
Objects	phone	📞	0.6	0	telephone receiver	communication phone voip
Objects	phone	📟	0.6	0	pager	communication
Objects	phone	📠	0.6	0	fax machine	communication
Objects	computer	🔋	0.6	0	battery	
Objects	computer	🪫	14.0	0	low battery	drained electronic energy power
Objects	computer	🔌	0.6	0	electric plug	electricity
Objects	computer	💻	0.6	0	laptop	computer office pc personal
Objects	computer	🖥️	0.7	0	desktop computer	monitor
Objects	computer	🖨️	0.7	0	printer	computer
Objects	computer	⌨️	1.0	0	keyboard	computer
Objects	computer	🖱️	0.7	0	computer mouse	
Objects	computer	🖲️	0.7	0	trackball	computer
Objects	computer	💽	0.6	0	computer disk	minidisk optical
Objects	computer	💾	0.6	0	floppy disk	computer
Objects	computer	💿	0.6	0	optical disk	blu-ray CD computer dvd
Objects	computer	📀	0.6	0	dvd	Blu-ray cd computer disk optical
Objects	computer	🧮	11.0	0	abacus	calculation calculator
Objects	light & video	🎥	0.6	0	movie camera	bollywood cinema film hollywood record
Objects	light & video	🎞️	0.7	0	film frames	cinema movie
Objects	light & video	📽️	0.7	0	film projector	cinema movie video
Objects	light & video	🎬	0.6	0	clapper board	action movie
Objects	light & video	📺	0.6	0	television	tv video
Objects	light & video	📷	0.6	0	camera	photo selfie snap tbt trip video
Objects	light & video	📸	1.0	0	camera with flash	video
Objects	light & video	📹	0.6	0	video camera	camcorder tbt
Objects	light & video	📼	0.6	0	videocassette	old school tape vcr vhs video
Objects	light & video	🔍	0.6	0	magnifying glass tilted left	lab left-pointing science search tool
Objects	light & video	🔎	0.6	0	magnifying glass tilted right	contact lab right-pointing science search tool
Objects	light & video	🕯️	0.7	0	candle	light
Objects	light & video	💡	0.6	0	light bulb	comic electric idea
Objects	light & video	🔦	0.6	0	flashlight	electric light tool torch
Objects	light & video	🏮	0.6	0	red paper lantern	bar light restaurant
Objects	light & video	🪔	12.0	0	diya lamp	light oil
Objects	book-paper	📔	0.6	0	notebook with decorative cover	book decorated education school writing
Objects	book-paper	📕	0.6	0	closed book	education
Objects	book-paper	📖	0.6	0	open book	education fantasy knowledge library novels reading
Objects	book-paper	📗	0.6	0	green book	education fantasy library reading
Objects	book-paper	📘	0.6	0	blue book	education fantasy library reading
Objects	book-paper	📙	0.6	0	orange book	education fantasy library reading
Objects	book-paper	📚	0.6	0	books	book education fantasy knowledge library novels reading school study
Objects	book-paper	📓	0.6	0	notebook	
Objects	book-paper	📒	0.6	0	ledger	notebook
Objects	book-paper	📃	0.6	0	page with curl	document paper
Objects	book-paper	📜	0.6	0	scroll	paper
Objects	book-paper	📄	0.6	0	page facing up	document paper
Objects	book-paper	📰	0.6	0	newspaper	communication news paper
Objects	book-paper	🗞️	0.7	0	rolled-up newspaper	news paper rolled
Objects	book-paper	📑	0.6	0	bookmark tabs	mark marker
Objects	book-paper	🔖	0.6	0	bookmark	mark
Objects	book-paper	🏷️	0.7	0	label	tag
Objects	money	🪙	13.0	0	coin	dollar euro gold metal money rich silver treasure
Objects	money	💰	0.6	0	money bag	bank bet billion cash cost dollar gold million moneybag paid paying pot rich win
Objects	money	🪎	17.0	0	treasure chest	gem gold jewels loot money prize silver valuables wealth
Objects	money	💴	0.6	0	yen banknote	bank bill currency money note
Objects	money	💵	0.6	0	dollar banknote	bank bill currency money note
Objects	money	💶	1.0	0	euro banknote	100 bank bill currency money note rich
Objects	money	💷	1.0	0	pound banknote	bank bill billion cash currency money note pounds
Objects	money	💸	0.6	0	money with wings	bank banknote bill billion cash dollar fly million note pay
Objects	money	💳	0.6	0	credit card	bank cash charge money pay
Objects	money	🧾	11.0	0	receipt	accounting bookkeeping evidence invoice proof
Objects	money	💹	0.6	0	chart increasing with yen	bank currency graph growth market money rise trend upward
Objects	mail	✉️	0.6	0	envelope	e-mail email letter
Objects	mail	📧	0.6	0	e-mail	email letter mail
Objects	mail	📨	0.6	0	incoming envelope	delivering e-mail email letter mail receive sent
Objects	mail	📩	0.6	0	envelope with arrow	communication down e-mail email letter mail outgoing send sent
Objects	mail	📤	0.6	0	outbox tray	box email letter mail sent
Objects	mail	📥	0.6	0	inbox tray	box email letter mail receive zero
Objects	mail	📦	0.6	0	package	box communication delivery parcel shipping
Objects	mail	📫	0.6	0	closed mailbox with raised flag	communication mail postbox
Objects	mail	📪	0.6	0	closed mailbox with lowered flag	mail postbox
Objects	mail	📬	0.7	0	open mailbox with raised flag	mail postbox
Objects	mail	📭	0.7	0	open mailbox with lowered flag	mail postbox
Objects	mail	📮	0.6	0	postbox	mail mailbox
Objects	mail	🗳️	0.7	0	ballot box with ballot	
Objects	writing	✏️	0.6	0	pencil	
Objects	writing	✒️	0.6	0	black nib	pen
Objects	writing	🖋️	0.7	0	fountain pen	
Objects	writing	🖊️	0.7	0	pen	ballpoint
Objects	writing	🖌️	0.7	0	paintbrush	painting
Objects	writing	🖍️	0.7	0	crayon	
Objects	writing	📝	0.6	0	memo	communication media notes pencil
Objects	writing	🪌	18.0	0	eraser	
Objects	office	💼	0.6	0	briefcase	office
Objects	office	📁	0.6	0	file folder	
Objects	office	📂	0.6	0	open file folder	
Objects	office	🗂️	0.7	0	card index dividers	
Objects	office	📅	0.6	0	calendar	date
Objects	office	📆	0.6	0	tear-off calendar	
Objects	office	🗒️	0.7	0	spiral notepad	note pad
Objects	office	🗓️	0.7	0	spiral calendar	pad
Objects	office	📇	0.6	0	card index	old rolodex school
Objects	office	📈	0.6	0	chart increasing	data graph growth right trend up upward
Objects	office	📉	0.6	0	chart decreasing	data down downward graph negative trend
Objects	office	📊	0.6	0	bar chart	data graph
Objects	office	📋	0.6	0	clipboard	do list notes
Objects	office	📌	0.6	0	pushpin	collage pin
Objects	office	📍	0.6	0	round pushpin	location map pin
Objects	office	📎	0.6	0	paperclip	
Objects	office	🖇️	0.7	0	linked paperclips	link paperclip
Objects	office	📏	0.6	0	straight ruler	angle edge math straightedge
Objects	office	📐	0.6	0	triangular ruler	angle math rule set slide triangle
Objects	office	✂️	0.6	0	scissors	cut cutting paper tool
Objects	office	🗃️	0.7	0	card file box	
Objects	office	🗄️	0.7	0	file cabinet	filing paper
Objects	office	🗑️	0.7	0	wastebasket	can garbage trash waste
Objects	lock	🔒	0.6	0	locked	closed lock private
Objects	lock	🔓	0.6	0	unlocked	cracked lock open unlock
Objects	lock	🔏	0.6	0	locked with pen	ink lock nib privacy
Objects	lock	🔐	0.6	0	locked with key	bike closed lock secure
Objects	lock	🔑	0.6	0	key	keys lock major password unlock
Objects	lock	🗝️	0.7	0	old key	clue lock
Objects	tool	🪍	18.0	0	net with handle	
Objects	tool	🔨	0.6	0	hammer	home improvement repairs tool
Objects	tool	🪓	12.0	0	axe	ax chop hatchet split wood
Objects	tool	⛏️	0.7	0	pick	hammer mining tool
Objects	tool	⚒️	1.0	0	hammer and pick	tool
Objects	tool	🛠️	0.7	0	hammer and wrench	spanner tool
Objects	tool	🗡️	0.7	0	dagger	knife weapon
Objects	tool	⚔️	1.0	0	crossed swords	weapon
Objects	tool	💣	0.6	0	bomb	boom comic dangerous explosion hot
Objects	tool	🪃	13.0	0	boomerang	rebound repercussion weapon
Objects	tool	🏹	1.0	0	bow and arrow	archer archery Sagittarius tool weapon zodiac
Objects	tool	🛡️	0.7	0	shield	weapon
Objects	tool	🪚	13.0	0	carpentry saw	carpenter cut lumber tool trim
Objects	tool	🔧	0.6	0	wrench	home improvement spanner tool
Objects	tool	🪛	13.0	0	screwdriver	flathead handy screw tool
Objects	tool	🔩	0.6	0	nut and bolt	home improvement tool
Objects	tool	⚙️	1.0	0	gear	cog cogwheel tool
Objects	tool	🗜️	0.7	0	clamp	compress tool vice
Objects	tool	⚖️	1.0	0	balance scale	justice Libra scales tool weight zodiac
Objects	tool	🦯	12.0	0	white cane	accessibility blind probing
Objects	tool	🔗	0.6	0	link	links
Objects	tool	⛓️‍💥	15.1	0	broken chain	break breaking cuffs freedom
Objects	tool	⛓️	0.7	0	chains	chain
Objects	tool	🪝	13.0	0	hook	catch crook curve ensnare point selling
Objects	tool	🧰	11.0	0	toolbox	box chest mechanic red tool
Objects	tool	🧲	11.0	0	magnet	attraction horseshoe magnetic negative positive shape u
Objects	tool	🪜	13.0	0	ladder	climb rung step
Objects	tool	🪏	16.0	0	shovel	bury dig garden hole plant scoop snow spade
Objects	science	⚗️	1.0	0	alembic	chemistry tool
Objects	science	🧪	11.0	0	test tube	chemist chemistry experiment lab science
Objects	science	🧫	11.0	0	petri dish	bacteria biologist biology culture lab
Objects	science	🧬	11.0	0	dna	biologist evolution gene genetics life
Objects	science	🔬	1.0	0	microscope	experiment lab science tool
Objects	science	🔭	1.0	0	telescope	contact extraterrestrial science tool
Objects	science	📡	0.6	0	satellite antenna	aliens contact dish science
Objects	medical	💉	0.6	0	syringe	doctor flu medicine needle shot sick tool vaccination
Objects	medical	🩸	12.0	0	drop of blood	bleed donation injury medicine menstruation
Objects	medical	💊	0.6	0	pill	doctor drugs medicated medicine pills sick vitamin
Objects	medical	🩹	12.0	0	adhesive bandage	
Objects	medical	🩼	14.0	0	crutch	aid cane disability help hurt injured mobility stick
Objects	medical	🩺	12.0	0	stethoscope	doctor heart medicine
Objects	medical	🩻	14.0	0	x-ray	bones doctor medical skeleton skull xray
Objects	household	🚪	0.6	0	door	back closet front
Objects	household	🛗	13.0	0	elevator	accessibility hoist lift
Objects	household	🪞	13.0	0	mirror	makeup reflection reflector speculum
Objects	household	🪟	13.0	0	window	air frame fresh opening transparent view
Objects	household	🛏️	0.7	0	bed	hotel sleep
Objects	household	🛋️	0.7	0	couch and lamp	hotel
Objects	household	🪑	12.0	0	chair	seat sit
Objects	household	🚽	0.6	0	toilet	bathroom
Objects	household	🪠	13.0	0	plunger	cup force plumber poop suction toilet
Objects	household	🚿	1.0	0	shower	water
Objects	household	🛁	1.0	0	bathtub	bath
Objects	household	🪤	13.0	0	mouse trap	bait cheese lure mousetrap snare
Objects	household	🪒	12.0	0	razor	sharp shave
Objects	household	🧴	11.0	0	lotion bottle	moisturizer shampoo sunscreen
Objects	household	🧷	11.0	0	safety pin	diaper punk rock
Objects	household	🧹	11.0	0	broom	cleaning sweeping witch
Objects	household	🧺	11.0	0	basket	farming laundry picnic
Objects	household	🧻	11.0	0	roll of paper	toilet towels
Objects	household	🪣	13.0	0	bucket	cask pail vat
Objects	household	🧼	11.0	0	soap	bar bathing clean cleaning lather soapdish
Objects	household	🫧	14.0	0	bubbles	bubble burp clean floating pearl soap underwater
Objects	household	🪥	13.0	0	toothbrush	bathroom brush clean dental hygiene teeth toiletry
Objects	household	🧽	11.0	0	sponge	absorbing cleaning porous soak
Objects	household	🧯	11.0	0	fire extinguisher	extinguish quench
Objects	household	🛒	3.0	0	shopping cart	trolley
Objects	other-object	🚬	0.6	0	cigarette	smoking
Objects	other-object	⚰️	1.0	0	coffin	dead death vampire
Objects	other-object	🪦	13.0	0	headstone	cemetery dead grave graveyard memorial rip tomb tombstone
Objects	other-object	⚱️	1.0	0	funeral urn	ashes death
Objects	other-object	🧿	11.0	0	nazar amulet	bead blue charm evil-eye talisman
Objects	other-object	🪬	14.0	0	hamsa	amulet Fatima fortune guide hand Mary Miriam palm protect protection
Objects	other-object	🗿	0.6	0	moai	face moyai statue stoneface travel
Objects	other-object	🪧	13.0	0	placard	card demonstration notice picket plaque protest sign
Objects	other-object	🪪	14.0	0	identification card	credentials document ID license security
Symbols	transport-sign	🏧	0.6	0	ATM sign	automated bank cash money teller
Symbols	transport-sign	🚮	1.0	0	litter in bin sign	litterbin
Symbols	transport-sign	🚰	1.0	0	potable water	drinking
Symbols	transport-sign	♿	0.6	0	wheelchair symbol	access handicap
Symbols	transport-sign	🚹	0.6	0	men’s room	bathroom lavatory man restroom toilet WC
Symbols	transport-sign	🚺	0.6	0	women’s room	bathroom lavatory restroom toilet WC woman
Symbols	transport-sign	🚻	0.6	0	restroom	bathroom lavatory toilet WC
Symbols	transport-sign	🚼	0.6	0	baby symbol	changing
Symbols	transport-sign	🚾	0.6	0	water closet	bathroom lavatory restroom toilet WC
Symbols	transport-sign	🛂	1.0	0	passport control	
Symbols	transport-sign	🛃	1.0	0	customs	packing
Symbols	transport-sign	🛄	1.0	0	baggage claim	arrived bags case checked journey packing plane ready travel trip
Symbols	transport-sign	🛅	1.0	0	left luggage	baggage case locker
Symbols	warning	⚠️	0.6	0	warning	caution
Symbols	warning	🚸	1.0	0	children crossing	child pedestrian traffic
Symbols	warning	⛔	0.6	0	no entry	do fail forbidden not pass prohibited traffic
Symbols	warning	🚫	0.6	0	prohibited	entry forbidden no not smoke
Symbols	warning	🚳	1.0	0	no bicycles	bicycle bike forbidden not prohibited
Symbols	warning	🚭	0.6	0	no smoking	forbidden not prohibited smoke
Symbols	warning	🚯	1.0	0	no littering	forbidden litter not prohibited
Symbols	warning	🚱	1.0	0	non-potable water	dry non-drinking prohibited
Symbols	warning	🚷	1.0	0	no pedestrians	forbidden not pedestrian prohibited
Symbols	warning	📵	1.0	0	no mobile phones	cell forbidden not phone prohibited telephone
Symbols	warning	🔞	0.6	0	no one under eighteen	18 age forbidden not prohibited restriction underage
Symbols	warning	☢️	1.0	0	radioactive	sign
Symbols	warning	☣️	1.0	0	biohazard	sign
Symbols	arrow	⬆️	0.6	0	up arrow	cardinal direction north
Symbols	arrow	↗️	0.6	0	up-right arrow	direction intercardinal northeast
Symbols	arrow	➡️	0.6	0	right arrow	cardinal direction east
Symbols	arrow	↘️	0.6	0	down-right arrow	direction intercardinal southeast
Symbols	arrow	⬇️	0.6	0	down arrow	cardinal direction south
Symbols	arrow	↙️	0.6	0	down-left arrow	direction intercardinal southwest
Symbols	arrow	⬅️	0.6	0	left arrow	cardinal direction west
Symbols	arrow	↖️	0.6	0	up-left arrow	direction intercardinal northwest
Symbols	arrow	↕️	0.6	0	up-down arrow	
Symbols	arrow	↔️	0.6	0	left-right arrow	
Symbols	arrow	↩️	0.6	0	right arrow curving left	
Symbols	arrow	↪️	0.6	0	left arrow curving right	
Symbols	arrow	⤴️	0.6	0	right arrow curving up	
Symbols	arrow	⤵️	0.6	0	right arrow curving down	
Symbols	arrow	🔃	0.6	0	clockwise vertical arrows	arrow refresh reload
Symbols	arrow	🔄	1.0	0	counterclockwise arrows button	again anticlockwise arrow deja refresh rewindershins vu
Symbols	arrow	🔙	0.6	0	BACK arrow	
Symbols	arrow	🔚	0.6	0	END arrow	
Symbols	arrow	🔛	0.6	0	ON! arrow	mark
Symbols	arrow	🔜	0.6	0	SOON arrow	brb omw
Symbols	arrow	🔝	0.6	0	TOP arrow	homie up
Symbols	religion	🛐	1.0	0	place of worship	pray religion
Symbols	religion	⚛️	1.0	0	atom symbol	atheist
Symbols	religion	🕉️	0.7	0	om	Hindu religion
Symbols	religion	✡️	0.7	0	star of David	Jew Jewish judaism religion
Symbols	religion	☸️	0.7	0	wheel of dharma	Buddhist religion
Symbols	religion	☯️	0.7	0	yin yang	difficult lives religion tao taoist total yinyang
Symbols	religion	✝️	0.7	0	latin cross	christ Christian religion
Symbols	religion	☦️	1.0	0	orthodox cross	Christian religion
Symbols	religion	☪️	0.7	0	star and crescent	islam Muslim ramadan religion
Symbols	religion	☮️	1.0	0	peace symbol	healing peaceful
Symbols	religion	🕎	1.0	0	menorah	candelabrum candlestick hanukkah jewish judaism religion
Symbols	religion	🔯	0.6	0	dotted six-pointed star	fortune jewish judaism
Symbols	religion	🪯	15.0	0	khanda	Deg Fateh Khalsa religion Sikh Sikhism Tegh
Symbols	zodiac	♈	0.6	0	Aries	horoscope ram zodiac
Symbols	zodiac	♉	0.6	0	Taurus	bull horoscope ox zodiac
Symbols	zodiac	♊	0.6	0	Gemini	horoscope twins zodiac
Symbols	zodiac	♋	0.6	0	Cancer	crab horoscope zodiac
Symbols	zodiac	♌	0.6	0	Leo	horoscope lion zodiac
Symbols	zodiac	♍	0.6	0	Virgo	horoscope zodiac
Symbols	zodiac	♎	0.6	0	Libra	balance horoscope justice scales zodiac
Symbols	zodiac	♏	0.6	0	Scorpio	horoscope scorpion Scorpius zodiac
Symbols	zodiac	♐	0.6	0	Sagittarius	archer horoscope zodiac
Symbols	zodiac	♑	0.6	0	Capricorn	goat horoscope zodiac
Symbols	zodiac	♒	0.6	0	Aquarius	bearer horoscope water zodiac
Symbols	zodiac	♓	0.6	0	Pisces	fish horoscope zodiac
Symbols	zodiac	⛎	0.6	0	Ophiuchus	bearer serpent snake zodiac
Symbols	av-symbol	🔀	1.0	0	shuffle tracks button	arrow crossed
Symbols	av-symbol	🔁	1.0	0	repeat button	arrow clockwise
Symbols	av-symbol	🔂	1.0	0	repeat single button	arrow clockwise once
Symbols	av-symbol	▶️	0.6	0	play button	arrow right triangle
Symbols	av-symbol	⏩	0.6	0	fast-forward button	arrow double fast forward
Symbols	av-symbol	⏭️	0.7	0	next track button	arrow scene triangle
Symbols	av-symbol	⏯️	1.0	0	play or pause button	arrow right triangle
Symbols	av-symbol	◀️	0.6	0	reverse button	arrow left triangle
Symbols	av-symbol	⏪	0.6	0	fast reverse button	arrow double rewind
Symbols	av-symbol	⏮️	0.7	0	last track button	arrow previous scene triangle
Symbols	av-symbol	🔼	0.6	0	upwards button	arrow red up
Symbols	av-symbol	⏫	0.6	0	fast up button	arrow double
Symbols	av-symbol	🔽	0.6	0	downwards button	arrow down red
Symbols	av-symbol	⏬	0.6	0	fast down button	arrow double
Symbols	av-symbol	⏸️	0.7	0	pause button	bar double vertical
Symbols	av-symbol	⏹️	0.7	0	stop button	square
Symbols	av-symbol	⏺️	0.7	0	record button	circle
Symbols	av-symbol	⏏️	1.0	0	eject button	
Symbols	av-symbol	🎦	0.6	0	cinema	camera film movie
Symbols	av-symbol	🔅	1.0	0	dim button	brightness low
Symbols	av-symbol	🔆	1.0	0	bright button	brightness light
Symbols	av-symbol	📶	0.6	0	antenna bars	bar cell communication mobile phone signal telephone
Symbols	av-symbol	🛜	15.0	0	wireless	broadband computer connectivity hotspot internet network router smartphone wi-fi wifi wlan
Symbols	av-symbol	📳	0.6	0	vibration mode	cell communication mobile phone telephone
Symbols	av-symbol	📴	0.6	0	mobile phone off	cell telephone
Symbols	gender	♀️	4.0	0	female sign	woman
Symbols	gender	♂️	4.0	0	male sign	man
Symbols	gender	⚧️	13.0	0	transgender symbol	
Symbols	math	✖️	0.6	0	multiply	× cancel multiplication sign x
Symbols	math	➕	0.6	0	plus	+
Symbols	math	➖	0.6	0	minus	- − heavy math sign
Symbols	math	➗	0.6	0	divide	÷ division heavy math sign
Symbols	math	🟰	14.0	0	heavy equals sign	answer equal equality math
Symbols	math	♾️	11.0	0	infinity	forever unbounded universal
Symbols	punctuation	‼️	0.6	0	double exclamation mark	! !! bangbang punctuation
Symbols	punctuation	⁉️	0.6	0	exclamation question mark	! !? ? interrobang punctuation
Symbols	punctuation	❓	0.6	0	red question mark	? punctuation
Symbols	punctuation	❔	0.6	0	white question mark	? outlined punctuation
Symbols	punctuation	❕	0.6	0	white exclamation mark	! outlined punctuation
Symbols	punctuation	❗	0.6	0	red exclamation mark	! punctuation
Symbols	punctuation	〰️	0.6	0	wavy dash	punctuation
Symbols	currency	💱	0.6	0	currency exchange	bank money
Symbols	currency	💲	0.6	0	heavy dollar sign	billion cash charge currency million money pay
Symbols	other-symbol	⚕️	4.0	0	medical symbol	aesculapius medicine staff
Symbols	other-symbol	♻️	0.6	0	recycling symbol	recycle
Symbols	other-symbol	⚜️	1.0	0	fleur-de-lis	knights
Symbols	other-symbol	🔱	0.6	0	trident emblem	anchor poseidon ship tool
Symbols	other-symbol	📛	0.6	0	name badge	
Symbols	other-symbol	🔰	0.6	0	Japanese symbol for beginner	chevron green leaf tool yellow
Symbols	other-symbol	⭕	0.6	0	hollow red circle	heavy large o
Symbols	other-symbol	✅	0.6	0	check mark button	✓ checked checkmark complete completed done fixed tick
Symbols	other-symbol	☑️	0.6	0	check box with check	✓ ballot checked done off tick
Symbols	other-symbol	✔️	0.6	0	check mark	✓ checked checkmark done heavy tick
Symbols	other-symbol	❌	0.6	0	cross mark	× cancel multiplication multiply x
Symbols	other-symbol	❎	0.6	0	cross mark button	× multiplication multiply square x
Symbols	other-symbol	➰	0.6	0	curly loop	curl
Symbols	other-symbol	➿	1.0	0	double curly loop	curl
Symbols	other-symbol	〽️	0.6	0	part alternation mark	
Symbols	other-symbol	✳️	0.6	0	eight-spoked asterisk	*
Symbols	other-symbol	✴️	0.6	0	eight-pointed star	*
Symbols	other-symbol	❇️	0.6	0	sparkle	*
Symbols	other-symbol	©️	0.6	0	copyright	C
Symbols	other-symbol	®️	0.6	0	registered	R
Symbols	other-symbol	™️	0.6	0	trade mark	TM trademark
Symbols	other-symbol	🫟	16.0	0	splatter	drip holi ink liquid mess paint spill stain
Symbols	keycap	#️⃣	0.6	0	keycap: #	
Symbols	keycap	*️⃣	2.0	0	keycap: *	
Symbols	keycap	0️⃣	0.6	0	keycap: 0	keycap zero
Symbols	keycap	1️⃣	0.6	0	keycap: 1	keycap one
Symbols	keycap	2️⃣	0.6	0	keycap: 2	keycap two
Symbols	keycap	3️⃣	0.6	0	keycap: 3	keycap three
Symbols	keycap	4️⃣	0.6	0	keycap: 4	four keycap
Symbols	keycap	5️⃣	0.6	0	keycap: 5	five keycap
Symbols	keycap	6️⃣	0.6	0	keycap: 6	keycap six
Symbols	keycap	7️⃣	0.6	0	keycap: 7	keycap seven
Symbols	keycap	8️⃣	0.6	0	keycap: 8	eight keycap
Symbols	keycap	9️⃣	0.6	0	keycap: 9	keycap nine
Symbols	keycap	🔟	0.6	0	keycap: 10	
Symbols	alphanum	🔠	0.6	0	input latin uppercase	ABCD letters
Symbols	alphanum	🔡	0.6	0	input latin lowercase	abcd letters
Symbols	alphanum	🔢	0.6	0	input numbers	1234
Symbols	alphanum	🔣	0.6	0	input symbols	& % ♪ 〒
Symbols	alphanum	🔤	0.6	0	input latin letters	abc alphabet
Symbols	alphanum	🅰️	0.6	0	A button (blood type)	blood type
Symbols	alphanum	🆎	0.6	0	AB button (blood type)	blood type
Symbols	alphanum	🅱️	0.6	0	B button (blood type)	blood type
Symbols	alphanum	🆑	0.6	0	CL button	
Symbols	alphanum	🆒	0.6	0	COOL button	
Symbols	alphanum	🆓	0.6	0	FREE button	
Symbols	alphanum	ℹ️	0.6	0	information	I
Symbols	alphanum	🆔	0.6	0	ID button	identity
Symbols	alphanum	Ⓜ️	0.6	0	circled M	circle
Symbols	alphanum	🆕	0.6	0	NEW button	
Symbols	alphanum	🆖	0.6	0	NG button	
Symbols	alphanum	🅾️	0.6	0	O button (blood type)	blood type
Symbols	alphanum	🆗	0.6	0	OK button	okay
Symbols	alphanum	🅿️	0.6	0	P button	parking
Symbols	alphanum	🆘	0.6	0	SOS button	help
Symbols	alphanum	🆙	0.6	0	UP! button	mark UP
Symbols	alphanum	🆚	0.6	0	VS button	versus
Symbols	alphanum	🈁	0.6	0	Japanese “here” button	here katakana
Symbols	alphanum	🈂️	0.6	0	Japanese “service charge” button	charge katakana service
Symbols	alphanum	🈷️	0.6	0	Japanese “monthly amount” button	amount ideograph monthly
Symbols	alphanum	🈶	0.6	0	Japanese “not free of charge” button	charge ideograph not
Symbols	alphanum	🈯	0.6	0	Japanese “reserved” button	ideograph reserved
Symbols	alphanum	🉐	0.6	0	Japanese “bargain” button	bargain ideograph
Symbols	alphanum	🈹	0.6	0	Japanese “discount” button	discount ideograph
Symbols	alphanum	🈚	0.6	0	Japanese “free of charge” button	charge free ideograph
Symbols	alphanum	🈲	0.6	0	Japanese “prohibited” button	ideograph prohibited
Symbols	alphanum	🉑	0.6	0	Japanese “acceptable” button	acceptable ideograph
Symbols	alphanum	🈸	0.6	0	Japanese “application” button	application ideograph
Symbols	alphanum	🈴	0.6	0	Japanese “passing grade” button	grade ideograph passing
Symbols	alphanum	🈳	0.6	0	Japanese “vacancy” button	ideograph vacancy
Symbols	alphanum	㊗️	0.6	0	Japanese “congratulations” button	congratulations ideograph
Symbols	alphanum	㊙️	0.6	0	Japanese “secret” button	ideograph secret
Symbols	alphanum	🈺	0.6	0	Japanese “open for business” button	business ideograph open
Symbols	alphanum	🈵	0.6	0	Japanese “no vacancy” button	ideograph no vacancy
Symbols	geometric	🔴	0.6	0	red circle	geometric
Symbols	geometric	🟠	12.0	0	orange circle	
Symbols	geometric	🟡	12.0	0	yellow circle	
Symbols	geometric	🟢	12.0	0	green circle	
Symbols	geometric	🔵	0.6	0	blue circle	geometric
Symbols	geometric	🟣	12.0	0	purple circle	
Symbols	geometric	🟤	12.0	0	brown circle	
Symbols	geometric	⚫	0.6	0	black circle	geometric
Symbols	geometric	⚪	0.6	0	white circle	geometric
Symbols	geometric	🟥	12.0	0	red square	card penalty
Symbols	geometric	🟧	12.0	0	orange square	
Symbols	geometric	🟨	12.0	0	yellow square	card penalty
Symbols	geometric	🟩	12.0	0	green square	
Symbols	geometric	🟦	12.0	0	blue square	
Symbols	geometric	🟪	12.0	0	purple square	
Symbols	geometric	🟫	12.0	0	brown square	
Symbols	geometric	⬛	0.6	0	black large square	geometric
Symbols	geometric	⬜	0.6	0	white large square	geometric
Symbols	geometric	◼️	0.6	0	black medium square	geometric
Symbols	geometric	◻️	0.6	0	white medium square	geometric
Symbols	geometric	◾	0.6	0	black medium-small square	geometric
Symbols	geometric	◽	0.6	0	white medium-small square	geometric
Symbols	geometric	▪️	0.6	0	black small square	geometric
Symbols	geometric	▫️	0.6	0	white small square	geometric
Symbols	geometric	🔶	0.6	0	large orange diamond	geometric
Symbols	geometric	🔷	0.6	0	large blue diamond	geometric
Symbols	geometric	🔸	0.6	0	small orange diamond	geometric
Symbols	geometric	🔹	0.6	0	small blue diamond	geometric
Symbols	geometric	🔺	0.6	0	red triangle pointed up	geometric
Symbols	geometric	🔻	0.6	0	red triangle pointed down	geometric
Symbols	geometric	💠	0.6	0	diamond with a dot	comic geometric
Symbols	geometric	🔘	0.6	0	radio button	geometric
Symbols	geometric	🔳	0.6	0	white square button	geometric outlined
Symbols	geometric	🔲	0.6	0	black square button	geometric
Flags	flag	🏁	0.6	0	chequered flag	checkered finish flags game race racing sport win
Flags	flag	🚩	0.6	0	triangular flag	construction golf post
Flags	flag	🎌	0.6	0	crossed flags	celebration cross Japanese
Flags	flag	🏴	1.0	0	black flag	waving
Flags	flag	🏳️	0.7	0	white flag	waving
Flags	flag	🏳️‍🌈	4.0	0	rainbow flag	bisexual gay genderqueer glbt glbtq lesbian lgbt lgbtq lgbtqia pride queer trans transgender
Flags	flag	🏳️‍⚧️	13.0	0	transgender flag	blue light pink white
Flags	flag	🏴‍☠️	11.0	0	pirate flag	Jolly plunder Roger treasure
Flags	country-flag	🇦🇨	2.0	0	flag: Ascension Island	
Flags	country-flag	🇦🇩	2.0	0	flag: Andorra	
Flags	country-flag	🇦🇪	2.0	0	flag: United Arab Emirates	
Flags	country-flag	🇦🇫	2.0	0	flag: Afghanistan	
Flags	country-flag	🇦🇬	2.0	0	flag: Antigua & Barbuda	
Flags	country-flag	🇦🇮	2.0	0	flag: Anguilla	
Flags	country-flag	🇦🇱	2.0	0	flag: Albania	
Flags	country-flag	🇦🇲	2.0	0	flag: Armenia	
Flags	country-flag	🇦🇴	2.0	0	flag: Angola	
Flags	country-flag	🇦🇶	2.0	0	flag: Antarctica	
Flags	country-flag	🇦🇷	2.0	0	flag: Argentina	
Flags	country-flag	🇦🇸	2.0	0	flag: American Samoa	
Flags	country-flag	🇦🇹	2.0	0	flag: Austria	
Flags	country-flag	🇦🇺	2.0	0	flag: Australia	
Flags	country-flag	🇦🇼	2.0	0	flag: Aruba	
Flags	country-flag	🇦🇽	2.0	0	flag: Åland Islands	
Flags	country-flag	🇦🇿	2.0	0	flag: Azerbaijan	
Flags	country-flag	🇧🇦	2.0	0	flag: Bosnia & Herzegovina	
Flags	country-flag	🇧🇧	2.0	0	flag: Barbados	
Flags	country-flag	🇧🇩	2.0	0	flag: Bangladesh	
Flags	country-flag	🇧🇪	2.0	0	flag: Belgium	
Flags	country-flag	🇧🇫	2.0	0	flag: Burkina Faso	
Flags	country-flag	🇧🇬	2.0	0	flag: Bulgaria	
Flags	country-flag	🇧🇭	2.0	0	flag: Bahrain	
Flags	country-flag	🇧🇮	2.0	0	flag: Burundi	
Flags	country-flag	🇧🇯	2.0	0	flag: Benin	
Flags	country-flag	🇧🇱	2.0	0	flag: St. Barthélemy	
Flags	country-flag	🇧🇲	2.0	0	flag: Bermuda	
Flags	country-flag	🇧🇳	2.0	0	flag: Brunei	
Flags	country-flag	🇧🇴	2.0	0	flag: Bolivia	
Flags	country-flag	🇧🇶	2.0	0	flag: Caribbean Netherlands	
Flags	country-flag	🇧🇷	2.0	0	flag: Brazil	
Flags	country-flag	🇧🇸	2.0	0	flag: Bahamas	
Flags	country-flag	🇧🇹	2.0	0	flag: Bhutan	
Flags	country-flag	🇧🇻	2.0	0	flag: Bouvet Island	
Flags	country-flag	🇧🇼	2.0	0	flag: Botswana	
Flags	country-flag	🇧🇾	2.0	0	flag: Belarus	
Flags	country-flag	🇧🇿	2.0	0	flag: Belize	
Flags	country-flag	🇨🇦	2.0	0	flag: Canada	
Flags	country-flag	🇨🇨	2.0	0	flag: Cocos (Keeling) Islands	
Flags	country-flag	🇨🇩	2.0	0	flag: Congo - Kinshasa	
Flags	country-flag	🇨🇫	2.0	0	flag: Central African Republic	
Flags	country-flag	🇨🇬	2.0	0	flag: Congo - Brazzaville	
Flags	country-flag	🇨🇭	2.0	0	flag: Switzerland	
Flags	country-flag	🇨🇮	2.0	0	flag: Côte d’Ivoire	
Flags	country-flag	🇨🇰	2.0	0	flag: Cook Islands	
Flags	country-flag	🇨🇱	2.0	0	flag: Chile	
Flags	country-flag	🇨🇲	2.0	0	flag: Cameroon	
Flags	country-flag	🇨🇳	0.6	0	flag: China	
Flags	country-flag	🇨🇴	2.0	0	flag: Colombia	
Flags	country-flag	🇨🇵	2.0	0	flag: Clipperton Island	
Flags	country-flag	🇨🇶	16.0	0	flag: Sark	
Flags	country-flag	🇨🇷	2.0	0	flag: Costa Rica	
Flags	country-flag	🇨🇺	2.0	0	flag: Cuba	
Flags	country-flag	🇨🇻	2.0	0	flag: Cape Verde	
Flags	country-flag	🇨🇼	2.0	0	flag: Curaçao	
Flags	country-flag	🇨🇽	2.0	0	flag: Christmas Island	
Flags	country-flag	🇨🇾	2.0	0	flag: Cyprus	
Flags	country-flag	🇨🇿	2.0	0	flag: Czechia	
Flags	country-flag	🇩🇪	0.6	0	flag: Germany	
Flags	country-flag	🇩🇬	2.0	0	flag: Diego Garcia	
Flags	country-flag	🇩🇯	2.0	0	flag: Djibouti	
Flags	country-flag	🇩🇰	2.0	0	flag: Denmark	
Flags	country-flag	🇩🇲	2.0	0	flag: Dominica	
Flags	country-flag	🇩🇴	2.0	0	flag: Dominican Republic	
Flags	country-flag	🇩🇿	2.0	0	flag: Algeria	
Flags	country-flag	🇪🇦	2.0	0	flag: Ceuta & Melilla	
Flags	country-flag	🇪🇨	2.0	0	flag: Ecuador	
Flags	country-flag	🇪🇪	2.0	0	flag: Estonia	
Flags	country-flag	🇪🇬	2.0	0	flag: Egypt	
Flags	country-flag	🇪🇭	2.0	0	flag: Western Sahara	
Flags	country-flag	🇪🇷	2.0	0	flag: Eritrea	
Flags	country-flag	🇪🇸	0.6	0	flag: Spain	
Flags	country-flag	🇪🇹	2.0	0	flag: Ethiopia	
Flags	country-flag	🇪🇺	2.0	0	flag: European Union	
Flags	country-flag	🇫🇮	2.0	0	flag: Finland	
Flags	country-flag	🇫🇯	2.0	0	flag: Fiji	
Flags	country-flag	🇫🇰	2.0	0	flag: Falkland Islands	
Flags	country-flag	🇫🇲	2.0	0	flag: Micronesia	
Flags	country-flag	🇫🇴	2.0	0	flag: Faroe Islands	
Flags	country-flag	🇫🇷	0.6	0	flag: France	
Flags	country-flag	🇬🇦	2.0	0	flag: Gabon	
Flags	country-flag	🇬🇧	0.6	0	flag: United Kingdom	
Flags	country-flag	🇬🇩	2.0	0	flag: Grenada	
Flags	country-flag	🇬🇪	2.0	0	flag: Georgia	
Flags	country-flag	🇬🇫	2.0	0	flag: French Guiana	
Flags	country-flag	🇬🇬	2.0	0	flag: Guernsey	
Flags	country-flag	🇬🇭	2.0	0	flag: Ghana	
Flags	country-flag	🇬🇮	2.0	0	flag: Gibraltar	
Flags	country-flag	🇬🇱	2.0	0	flag: Greenland	
Flags	country-flag	🇬🇲	2.0	0	flag: Gambia	
Flags	country-flag	🇬🇳	2.0	0	flag: Guinea	
Flags	country-flag	🇬🇵	2.0	0	flag: Guadeloupe	
Flags	country-flag	🇬🇶	2.0	0	flag: Equatorial Guinea	
Flags	country-flag	🇬🇷	2.0	0	flag: Greece	
Flags	country-flag	🇬🇸	2.0	0	flag: South Georgia & South Sandwich Islands	
Flags	country-flag	🇬🇹	2.0	0	flag: Guatemala	
Flags	country-flag	🇬🇺	2.0	0	flag: Guam	
Flags	country-flag	🇬🇼	2.0	0	flag: Guinea-Bissau	
Flags	country-flag	🇬🇾	2.0	0	flag: Guyana	
Flags	country-flag	🇭🇰	2.0	0	flag: Hong Kong SAR China	
Flags	country-flag	🇭🇲	2.0	0	flag: Heard Island & McDonald Islands	
Flags	country-flag	🇭🇳	2.0	0	flag: Honduras	
Flags	country-flag	🇭🇷	2.0	0	flag: Croatia	
Flags	country-flag	🇭🇹	2.0	0	flag: Haiti	
Flags	country-flag	🇭🇺	2.0	0	flag: Hungary	
Flags	country-flag	🇮🇨	2.0	0	flag: Canary Islands	
Flags	country-flag	🇮🇩	2.0	0	flag: Indonesia	
Flags	country-flag	🇮🇪	2.0	0	flag: Ireland	
Flags	country-flag	🇮🇱	2.0	0	flag: Israel	
Flags	country-flag	🇮🇲	2.0	0	flag: Isle of Man	
Flags	country-flag	🇮🇳	2.0	0	flag: India	
Flags	country-flag	🇮🇴	2.0	0	flag: British Indian Ocean Territory	
Flags	country-flag	🇮🇶	2.0	0	flag: Iraq	
Flags	country-flag	🇮🇷	2.0	0	flag: Iran	
Flags	country-flag	🇮🇸	2.0	0	flag: Iceland	
Flags	country-flag	🇮🇹	0.6	0	flag: Italy	
Flags	country-flag	🇯🇪	2.0	0	flag: Jersey	
Flags	country-flag	🇯🇲	2.0	0	flag: Jamaica	
Flags	country-flag	🇯🇴	2.0	0	flag: Jordan	
Flags	country-flag	🇯🇵	0.6	0	flag: Japan	
Flags	country-flag	🇰🇪	2.0	0	flag: Kenya	
Flags	country-flag	🇰🇬	2.0	0	flag: Kyrgyzstan	
Flags	country-flag	🇰🇭	2.0	0	flag: Cambodia	
Flags	country-flag	🇰🇮	2.0	0	flag: Kiribati	
Flags	country-flag	🇰🇲	2.0	0	flag: Comoros	
Flags	country-flag	🇰🇳	2.0	0	flag: St. Kitts & Nevis	
Flags	country-flag	🇰🇵	2.0	0	flag: North Korea	
Flags	country-flag	🇰🇷	0.6	0	flag: South Korea	
Flags	country-flag	🇰🇼	2.0	0	flag: Kuwait	
Flags	country-flag	🇰🇾	2.0	0	flag: Cayman Islands	
Flags	country-flag	🇰🇿	2.0	0	flag: Kazakhstan	
Flags	country-flag	🇱🇦	2.0	0	flag: Laos	
Flags	country-flag	🇱🇧	2.0	0	flag: Lebanon	
Flags	country-flag	🇱🇨	2.0	0	flag: St. Lucia	
Flags	country-flag	🇱🇮	2.0	0	flag: Liechtenstein	
Flags	country-flag	🇱🇰	2.0	0	flag: Sri Lanka	
Flags	country-flag	🇱🇷	2.0	0	flag: Liberia	
Flags	country-flag	🇱🇸	2.0	0	flag: Lesotho	
Flags	country-flag	🇱🇹	2.0	0	flag: Lithuania	
Flags	country-flag	🇱🇺	2.0	0	flag: Luxembourg	
Flags	country-flag	🇱🇻	2.0	0	flag: Latvia	
Flags	country-flag	🇱🇾	2.0	0	flag: Libya	
Flags	country-flag	🇲🇦	2.0	0	flag: Morocco	
Flags	country-flag	🇲🇨	2.0	0	flag: Monaco	
Flags	country-flag	🇲🇩	2.0	0	flag: Moldova	
Flags	country-flag	🇲🇪	2.0	0	flag: Montenegro	
Flags	country-flag	🇲🇫	2.0	0	flag: St. Martin	
Flags	country-flag	🇲🇬	2.0	0	flag: Madagascar	
Flags	country-flag	🇲🇭	2.0	0	flag: Marshall Islands	
Flags	country-flag	🇲🇰	2.0	0	flag: North Macedonia	
Flags	country-flag	🇲🇱	2.0	0	flag: Mali	
Flags	country-flag	🇲🇲	2.0	0	flag: Myanmar (Burma)	
Flags	country-flag	🇲🇳	2.0	0	flag: Mongolia	
Flags	country-flag	🇲🇴	2.0	0	flag: Macao SAR China	
Flags	country-flag	🇲🇵	2.0	0	flag: Northern Mariana Islands	
Flags	country-flag	🇲🇶	2.0	0	flag: Martinique	
Flags	country-flag	🇲🇷	2.0	0	flag: Mauritania	
Flags	country-flag	🇲🇸	2.0	0	flag: Montserrat	
Flags	country-flag	🇲🇹	2.0	0	flag: Malta	
Flags	country-flag	🇲🇺	2.0	0	flag: Mauritius	
Flags	country-flag	🇲🇻	2.0	0	flag: Maldives	
Flags	country-flag	🇲🇼	2.0	0	flag: Malawi	
Flags	country-flag	🇲🇽	2.0	0	flag: Mexico	
Flags	country-flag	🇲🇾	2.0	0	flag: Malaysia	
Flags	country-flag	🇲🇿	2.0	0	flag: Mozambique	
Flags	country-flag	🇳🇦	2.0	0	flag: Namibia	
Flags	country-flag	🇳🇨	2.0	0	flag: New Caledonia	
Flags	country-flag	🇳🇪	2.0	0	flag: Niger	
Flags	country-flag	🇳🇫	2.0	0	flag: Norfolk Island	
Flags	country-flag	🇳🇬	2.0	0	flag: Nigeria	
Flags	country-flag	🇳🇮	2.0	0	flag: Nicaragua	
Flags	country-flag	🇳🇱	2.0	0	flag: Netherlands	
Flags	country-flag	🇳🇴	2.0	0	flag: Norway	
Flags	country-flag	🇳🇵	2.0	0	flag: Nepal	
Flags	country-flag	🇳🇷	2.0	0	flag: Nauru	
Flags	country-flag	🇳🇺	2.0	0	flag: Niue	
Flags	country-flag	🇳🇿	2.0	0	flag: New Zealand	
Flags	country-flag	🇴🇲	2.0	0	flag: Oman	
Flags	country-flag	🇵🇦	2.0	0	flag: Panama	
Flags	country-flag	🇵🇪	2.0	0	flag: Peru	
Flags	country-flag	🇵🇫	2.0	0	flag: French Polynesia	
Flags	country-flag	🇵🇬	2.0	0	flag: Papua New Guinea	
Flags	country-flag	🇵🇭	2.0	0	flag: Philippines	
Flags	country-flag	🇵🇰	2.0	0	flag: Pakistan	
Flags	country-flag	🇵🇱	2.0	0	flag: Poland	
Flags	country-flag	🇵🇲	2.0	0	flag: St. Pierre & Miquelon	
Flags	country-flag	🇵🇳	2.0	0	flag: Pitcairn Islands	
Flags	country-flag	🇵🇷	2.0	0	flag: Puerto Rico	
Flags	country-flag	🇵🇸	2.0	0	flag: Palestinian Territories	
Flags	country-flag	🇵🇹	2.0	0	flag: Portugal	
Flags	country-flag	🇵🇼	2.0	0	flag: Palau	
Flags	country-flag	🇵🇾	2.0	0	flag: Paraguay	
Flags	country-flag	🇶🇦	2.0	0	flag: Qatar	
Flags	country-flag	🇷🇪	2.0	0	flag: Réunion	
Flags	country-flag	🇷🇴	2.0	0	flag: Romania	
Flags	country-flag	🇷🇸	2.0	0	flag: Serbia	
Flags	country-flag	🇷🇺	0.6	0	flag: Russia	
Flags	country-flag	🇷🇼	2.0	0	flag: Rwanda	
Flags	country-flag	🇸🇦	2.0	0	flag: Saudi Arabia	
Flags	country-flag	🇸🇧	2.0	0	flag: Solomon Islands	
Flags	country-flag	🇸🇨	2.0	0	flag: Seychelles	
Flags	country-flag	🇸🇩	2.0	0	flag: Sudan	
Flags	country-flag	🇸🇪	2.0	0	flag: Sweden	
Flags	country-flag	🇸🇬	2.0	0	flag: Singapore	
Flags	country-flag	🇸🇭	2.0	0	flag: St. Helena, Ascension & Tristan da Cunha	
Flags	country-flag	🇸🇮	2.0	0	flag: Slovenia	
Flags	country-flag	🇸🇯	2.0	0	flag: Svalbard & Jan Mayen	
Flags	country-flag	🇸🇰	2.0	0	flag: Slovakia	
Flags	country-flag	🇸🇱	2.0	0	flag: Sierra Leone	
Flags	country-flag	🇸🇲	2.0	0	flag: San Marino	
Flags	country-flag	🇸🇳	2.0	0	flag: Senegal	
Flags	country-flag	🇸🇴	2.0	0	flag: Somalia	
Flags	country-flag	🇸🇷	2.0	0	flag: Suriname	
Flags	country-flag	🇸🇸	2.0	0	flag: South Sudan	
Flags	country-flag	🇸🇹	2.0	0	flag: São Tomé & Príncipe	
Flags	country-flag	🇸🇻	2.0	0	flag: El Salvador	
Flags	country-flag	🇸🇽	2.0	0	flag: Sint Maarten	
Flags	country-flag	🇸🇾	2.0	0	flag: Syria	
Flags	country-flag	🇸🇿	2.0	0	flag: Eswatini	
Flags	country-flag	🇹🇦	2.0	0	flag: Tristan da Cunha	
Flags	country-flag	🇹🇨	2.0	0	flag: Turks & Caicos Islands	
Flags	country-flag	🇹🇩	2.0	0	flag: Chad	
Flags	country-flag	🇹🇫	2.0	0	flag: French Southern and Antarctic Lands	
Flags	country-flag	🇹🇬	2.0	0	flag: Togo	
Flags	country-flag	🇹🇭	2.0	0	flag: Thailand	
Flags	country-flag	🇹🇯	2.0	0	flag: Tajikistan	
Flags	country-flag	🇹🇰	2.0	0	flag: Tokelau	
Flags	country-flag	🇹🇱	2.0	0	flag: Timor-Leste	
Flags	country-flag	🇹🇲	2.0	0	flag: Turkmenistan	
Flags	country-flag	🇹🇳	2.0	0	flag: Tunisia	
Flags	country-flag	🇹🇴	2.0	0	flag: Tonga	
Flags	country-flag	🇹🇷	2.0	0	flag: Türkiye	
Flags	country-flag	🇹🇹	2.0	0	flag: Trinidad & Tobago	
Flags	country-flag	🇹🇻	2.0	0	flag: Tuvalu	
Flags	country-flag	🇹🇼	2.0	0	flag: Taiwan	
Flags	country-flag	🇹🇿	2.0	0	flag: Tanzania	
Flags	country-flag	🇺🇦	2.0	0	flag: Ukraine	
Flags	country-flag	🇺🇬	2.0	0	flag: Uganda	
Flags	country-flag	🇺🇲	2.0	0	flag: U.S. Outlying Islands	
Flags	country-flag	🇺🇳	4.0	0	flag: United Nations	
Flags	country-flag	🇺🇸	0.6	0	flag: United States	
Flags	country-flag	🇺🇾	2.0	0	flag: Uruguay	
Flags	country-flag	🇺🇿	2.0	0	flag: Uzbekistan	
Flags	country-flag	🇻🇦	2.0	0	flag: Vatican City	
Flags	country-flag	🇻🇨	2.0	0	flag: St. Vincent & Grenadines	
Flags	country-flag	🇻🇪	2.0	0	flag: Venezuela	
Flags	country-flag	🇻🇬	2.0	0	flag: British Virgin Islands	
Flags	country-flag	🇻🇮	2.0	0	flag: U.S. Virgin Islands	
Flags	country-flag	🇻🇳	2.0	0	flag: Vietnam	
Flags	country-flag	🇻🇺	2.0	0	flag: Vanuatu	
Flags	country-flag	🇼🇫	2.0	0	flag: Wallis & Futuna	
Flags	country-flag	🇼🇸	2.0	0	flag: Samoa	
Flags	country-flag	🇽🇰	2.0	0	flag: Kosovo	
Flags	country-flag	🇾🇪	2.0	0	flag: Yemen	
Flags	country-flag	🇾🇹	2.0	0	flag: Mayotte	
Flags	country-flag	🇿🇦	2.0	0	flag: South Africa	
Flags	country-flag	🇿🇲	2.0	0	flag: Zambia	
Flags	country-flag	🇿🇼	2.0	0	flag: Zimbabwe	
Flags	subdivision-flag	🏴󠁧󠁢󠁥󠁮󠁧󠁿	5.0	0	flag: England	
Flags	subdivision-flag	🏴󠁧󠁢󠁳󠁣󠁴󠁿	5.0	0	flag: Scotland	
Flags	subdivision-flag	🏴󠁧󠁢󠁷󠁬󠁳󠁿	5.0	0	flag: Wales	
